,,subject_id,filename,user_name,created_at,Collected by,Collection date,Collector Number,Country,County,Habitat,Description,Species,State,Skip,,
562bf445f3cdc41489005433,herbarium,561ab9b362b39a5cfdfccb3e,BRIT118000,Chase1999,2015-10-24 21:12:37 UTC,Landon E. McKinney,7/22/84,236,United States,Cannon,Mountain top,"Short Mountain rare, west of firetower",Ascyrum hypericoides L.,TN,,"Sat, 24 Oct 2015 21:08:50 GMT","Sat, 24 Oct 2015 21:12:34 GMT"
562f88665ecec61f560002d5,herbarium,561ab9b362b39a5cfdfccb3e,BRIT118000,abbeylynn94,2015-10-27 14:21:26 UTC,Landon E. McKinney,7/22/84,236,United States,Cannon,Mountain top,"Short Mountain, west of firetower ",Ascyrum hypericoides,TN,,"Tue, 27 Oct 2015 04:42:30 GMT","Tue, 27 Oct 2015 05:20:50 GMT"
562f9d025ecec6008d000ccd,herbarium,561ab9b362b39a5cfdfccb3e,BRIT118000,tgusse,2015-10-27 15:49:22 UTC,Landon E. McKinney,7/22/84,236,United States,Cannon,Mountain top west of firetower,Short Mountain,Ascyrum hypericoides L.,TN,,"Tue, 27 Oct 2015 15:45:15 GMT","Tue, 27 Oct 2015 15:49:27 GMT"
562be5edf3cdc4009d009696,herbarium,561ab9b362b39a5cfdfccb45,BRIT118007,Kay Yount,2015-10-24 20:11:25 UTC,R Kral,8/15/70,40605,United States,Cumberland,Sandy clay hills,Ca. 5 mi w. Crossville by US 70N,Hypericum stragulum,TN,,"Sat, 24 Oct 2015 20:08:54 GMT","Sat, 24 Oct 2015 20:11:25 GMT"
562e359af3cdc4148900b674,herbarium,561ab9b362b39a5cfdfccb45,BRIT118007,jbunny,2015-10-26 14:15:54 UTC,R. Kral,8/15/70,40605,United States,Cumberland,sandy clay hills,Ca. 5 mi. w. Crossville by US 70N,Hypericum stragulum,TN,,"Mon, 26 Oct 2015 14:13:58 GMT","Mon, 26 Oct 2015 14:15:47 GMT"
5636b7c65ecec6398e0018a8,herbarium,561ab9b362b39a5cfdfccb45,BRIT118007,plantgurl11,2015-11-02 01:09:26 UTC,R. Kral,8/15/70,40605,United States,Cumberland,Sandy clay hills,Ca. 5 mi. w. Crossville by US 70N,Hypericum stragulum,TN,,"Mon, 02 Nov 2015 01:05:56 GMT","Mon, 02 Nov 2015 01:09:25 GMT"
56290ae8f3cdc400960017a2,herbarium,561ab9b362b39a5cfdfccb47,BRIT118009,CharlesGardner,2015-10-22 16:12:24 UTC,,,,,,,,,,TRUE,"Thu, 22 Oct 2015 15:46:42 GMT","Thu, 22 Oct 2015 16:12:24 GMT"
562a29b3f3cdc400be003987,herbarium,561ab9b362b39a5cfdfccb47,BRIT118009,CyndyG,2015-10-23 12:36:03 UTC,Jesse M. Shaver,8/2/42,3017,United States,Davidson,"Open, wooded hillside","Wilkinson Hollow, Union Hill Road, near Joelton",Ascyrum hypericoides(Hypericum  hypericoides),TN,,"Fri, 23 Oct 2015 12:20:11 GMT","Fri, 23 Oct 2015 12:36:02 GMT"
562bd432f3cdc41489004bd0,herbarium,561ab9b362b39a5cfdfccb47,BRIT118009,jason5400,2015-10-24 18:55:46 UTC,Jesse M. Shaver ,8/2/42,3017,United States,Davidson,"Open, wooded hillsisde.","Wilkinson Hollow, Union Hill Road, near Joelton.",Jesse M. shaver ,TN,,"Sat, 24 Oct 2015 18:39:21 GMT","Sat, 24 Oct 2015 18:56:16 GMT"
5631a3235ecec6236e007074,herbarium,561ab9b362b39a5cfdfccb47,BRIT118009,not-logged-in-3ef7e94ab6bdd46cc4cb5563fcc52341,2015-10-29 04:40:03 UTC,Jesse M. Shaver,8/2/42,3017,United States,Davidson,"open, wooded hillside",Union Hill Road,Asoyrum hypericoides,TN,,"Thu, 29 Oct 2015 04:34:02 GMT","Thu, 29 Oct 2015 04:40:02 GMT"
5628e0bff3cdc40095000909,herbarium,561ab9b362b39a5cfdfccb49,BRIT118011,tyfogt,2015-10-22 13:12:31 UTC,C. P. Freeman,8/22/31,168,United States,Davidson,Oak-hickory woods,"2 Miles NW of Lavergne, highway #1, near Mount View School, near church",Ascyrum stans,TN,,"Thu, 22 Oct 2015 13:08:42 GMT","Thu, 22 Oct 2015 13:12:35 GMT"
562a5669f3cdc400ac0046ee,herbarium,561ab9b362b39a5cfdfccb49,BRIT118011,stormydawnc,2015-10-23 15:46:49 UTC,C.P. Freeman,8/22/31,168,United States,Davidson,Oak-hickory woods near church,"2 mi. NW of Lavergne, highway #1, near Mount View School",Ascyrum Stans,TN,,"Fri, 23 Oct 2015 04:44:38 GMT","Fri, 23 Oct 2015 04:46:51 GMT"
562da024f3cdc408f80026ac,herbarium,561ab9b362b39a5cfdfccb49,BRIT118011,not-logged-in-c94365025affcd2c694255356e0cfadc,2015-10-26 03:38:12 UTC,c.p. freeman,8/22/31,7444,United States,Davidson,oak-hickory woods near chuch,"2 mi. NW of lavergne, highway #1, near mount view school",ascyrum stans,TN,,"Mon, 26 Oct 2015 03:35:58 GMT","Mon, 26 Oct 2015 03:38:11 GMT"
5629b218f3cdc40094002281,herbarium,561ab9b462b39a5cfdfccb4d,BRIT118015,karenromeroooo,2015-10-23 04:05:44 UTC,,,,,,,,,,TRUE,"Fri, 23 Oct 2015 04:05:44 GMT","Fri, 23 Oct 2015 04:05:44 GMT"
562be5c0f3cdc400be00995d,herbarium,561ab9b462b39a5cfdfccb4d,BRIT118015,AgentDericka,2015-10-24 20:10:40 UTC,R. Kral ,8/17/70,40661,United States,Franklin,,Oak barren 2 miles south Tullahoma on Tenn 130 ,Hypericum stragulum ,TN,,"Sat, 24 Oct 2015 20:08:10 GMT","Sat, 24 Oct 2015 20:10:39 GMT"
562be7d8f3cdc4009d009747,herbarium,561ab9b462b39a5cfdfccb4d,BRIT118015,ObeyyVianney_05,2015-10-24 20:19:36 UTC,R. Kral,8/17/70,40661,United States,Franklin,Oak barren,Oak barren 2 mi. s. Tullahema on Tenn 130,Hypericum stragulum A. & R.,TN,,"Sat, 24 Oct 2015 20:16:05 GMT","Sat, 24 Oct 2015 20:19:36 GMT"
562c3df9f3cdc40094000ed3,herbarium,561ab9b462b39a5cfdfccb4d,BRIT118015,kcoady,2015-10-25 02:27:05 UTC,R. Kral,8/17/70,40661,United States,Franklin,Oak barren,2 mi. s of Tullahoma on Tenn 130,Hypericum stragulum,TN,,"Sun, 25 Oct 2015 02:24:29 GMT","Sun, 25 Oct 2015 02:27:08 GMT"
562a1adaf3cdc400b20057b1,herbarium,561ab9b462b39a5cfdfccb5b,BRIT118029,CyndyG,2015-10-23 11:32:42 UTC,,,,,,,,,,TRUE,"Fri, 23 Oct 2015 11:32:22 GMT","Fri, 23 Oct 2015 11:32:41 GMT"
562d8131f3cdc400be00e5c2,herbarium,561ab9b462b39a5cfdfccb5b,BRIT118029,not-logged-in-a46ad3035f3d0c862b5cc3f97ab536e5,2015-10-26 01:26:09 UTC,,,,,,,,,,TRUE,"Mon, 26 Oct 2015 01:23:51 GMT","Mon, 26 Oct 2015 01:26:09 GMT"
562dab3df3cdc4148900a31d,herbarium,561ab9b462b39a5cfdfccb5b,BRIT118029,not-logged-in-ac367254a65d40b0a69b41cab9c5387f,2015-10-26 04:25:33 UTC,J.R. Moore & J.P. Gillespie,8/19/54,18623,United States,Sevier,,Growing on grassy center of 'loop over' between Gatlinburg and Newfound Gap.,Hypericum stragulum,TN,,"Mon, 26 Oct 2015 04:22:16 GMT","Mon, 26 Oct 2015 04:25:38 GMT"
5644fd941cd2281ae5000c7d,herbarium,561ab9b462b39a5cfdfccb5b,BRIT118029,CharlesGardner,2015-11-12 20:59:00 UTC,,,,,,,,,,TRUE,"Thu, 12 Nov 2015 20:58:39 GMT","Thu, 12 Nov 2015 20:59:00 GMT"
562d1c0cf3cdc408f80003d7,herbarium,561ab9b462b39a5cfdfccb65,BRIT118039,plantgurl11,2015-10-25 18:14:36 UTC,R. Kral,10/3/65,26040,United States,Coffee,low places in oak-gum flats,3.5 mi. s.e. Manchester on US 41,Hypericum tubulosum,TN,,"Sun, 25 Oct 2015 18:13:44 GMT","Sun, 25 Oct 2015 18:14:36 GMT"
562db0aef3cdc41370003a75,herbarium,561ab9b462b39a5cfdfccb65,BRIT118039,not-logged-in-c94365025affcd2c694255356e0cfadc,2015-10-26 04:48:46 UTC,r. kral,10/3/65,26040,United States,Coffee,low places in oak-gum flats,3.5 mi. s.e. manchestor on US 41,hypericum tubulosum,TN,,"Mon, 26 Oct 2015 04:47:22 GMT","Mon, 26 Oct 2015 04:48:45 GMT"
562e1e7bf3cdc408f80035df,herbarium,561ab9b462b39a5cfdfccb65,BRIT118039,not-logged-in-0365b4e7e897f0fb8368544e5cf589db,2015-10-26 12:37:15 UTC,R. Kral,10/3/65,26040,United States,Coffee,low places in oak-gum flats,3.5 mi. s.e. Manchester on US 41,Hypericum tubulosum,TN,,"Mon, 26 Oct 2015 12:34:47 GMT","Mon, 26 Oct 2015 12:37:15 GMT"
563c7d5e1cd22826b7000e17,herbarium,561ab9b462b39a5cfdfccb65,BRIT118039,seacliff5049,2015-11-06 10:13:50 UTC,R. Kral.,10/3/65,26040,United States,Coffee,low places in oak-gum flats,3.5. mi. s.e. Manchester on US 41,Hypericum tubulosum Walt.,TN,,"Fri, 06 Nov 2015 09:10:17 GMT","Fri, 06 Nov 2015 10:13:50 GMT"
562bfb41f3cdc400be009e4c,herbarium,561ab9b462b39a5cfdfccb71,BRIT118051,Peter Fritsch,2015-10-24 21:42:25 UTC,R. Kral,9/29/71,44566,United States,Coffee,Shallows of Duck River,"Duck River where crossed by I-24, n. of Manchester at Mortons Lake",Hypericum walteri,TN,,"Sat, 24 Oct 2015 21:41:03 GMT","Sat, 24 Oct 2015 21:42:22 GMT"
5640fee31cd22812c60000fc,herbarium,561ab9b462b39a5cfdfccb71,BRIT118051,not-logged-in-b7daf4a5360690baa3d211c4ef1b46a3,2015-11-09 20:15:31 UTC,R. Kral,9/29/71,44566,United States,Coffee,Shallows,"Duck River where crossed by I-24, n. of Manchester at Mortons Lake",Hypericum walteri,TN,,"Mon, 09 Nov 2015 20:14:13 GMT","Mon, 09 Nov 2015 20:15:30 GMT"
5646482785563a00c00003fb,herbarium,561ab9b462b39a5cfdfccb71,BRIT118051,Aggie92,2015-11-13 20:29:27 UTC,R. Kral,9/29/71,44566,United States,Coffee,shallows,"Duck River where crossed by I-24, N of Manchester at Mertens Lake",Hypericum walteri,TN,,"Fri, 13 Nov 2015 20:27:31 GMT","Fri, 13 Nov 2015 20:29:30 GMT"
565a181c9e0064519f0002be,herbarium,561ab9b462b39a5cfdfccb71,BRIT118051,not-logged-in-ee15d08f6aaaf4729a0978c53329a9aa,2015-11-28 21:09:48 UTC,,,,,,,,,,TRUE,"Sat, 28 Nov 2015 21:09:32 GMT","Sat, 28 Nov 2015 21:09:32 GMT"
562a7e97f3cdc400a300773a,herbarium,561ab9b462b39a5cfdfccb95,BRIT118087,ja35linds,2015-10-23 18:38:15 UTC,R. Kral,10/13/70,41725,United States,Geneva,sandy peat of flatwoods savanna,Ca. 5 mi. SSE Hartford on Ala 167,Hypericum stans,AL,,"Fri, 23 Oct 2015 18:36:46 GMT","Fri, 23 Oct 2015 18:38:35 GMT"
562bf8d0f3cdc40094000410,herbarium,561ab9b462b39a5cfdfccb95,BRIT118087,plantgurl11,2015-10-24 21:32:00 UTC,R. Kral,10/13/70,41725,United States,Geneva,sandy peat of flatwoods savanna,ca. 5 mi. s.s.e. Hartford on Ala 167,Hypericum stans,AL,,"Sat, 24 Oct 2015 21:30:57 GMT","Sat, 24 Oct 2015 21:32:00 GMT"
563167095ecec600ac006834,herbarium,561ab9b462b39a5cfdfccb95,BRIT118087,Ta'keisha ,2015-10-29 00:23:37 UTC,"R, Kral",10/13/70,41725,United States,Geneva,sandy peat of flatwoods savanna. ,Ca. 5 mi. s.s.e. Hartford on Ala 167; ,Hypericum stans,AL,,"Thu, 29 Oct 2015 00:21:09 GMT","Thu, 29 Oct 2015 00:23:37 GMT"
564ad04485563a1f24002938,herbarium,561ab9b462b39a5cfdfccb95,BRIT118087,soulcraft777,2015-11-17 06:59:16 UTC,R. Kral,10/13/70,41725,United States,Geneva,sandy peat of flatwoods savanna.,Ca. 5 mi. s.s.e. Hartford on Ala 167;,Hypericum stans,AL,,"Tue, 17 Nov 2015 06:57:31 GMT","Tue, 17 Nov 2015 06:59:19 GMT"
562a5325f3cdc400be004502,herbarium,561ab9b462b39a5cfdfccb96,BRIT118088,Peter Fritsch,2015-10-23 15:32:53 UTC,John R. MacDonald,9/6/93,6704,United States,Houston,"Locally common, flowers yellow","Dothan, Roadside along Ross Clark Circle at 0.5 miles south of jnct. with Hwy. 84 East.",Hypericum crux-andreae,AL,,"Fri, 23 Oct 2015 15:30:38 GMT","Fri, 23 Oct 2015 15:32:49 GMT"
562a6269f3cdc400be00490a,herbarium,561ab9b462b39a5cfdfccb96,BRIT118088,stormydawnc,2015-10-23 16:38:01 UTC,John R. MacDonald,9/6/93,6704,United States,Houston,"locally common, flowers yellow","Dothan, Roadside along Ross Clark Circle at .5 miles south of jnct. with Hwy 84 East.",Hypericum crux-andrea,AL,,"Fri, 23 Oct 2015 05:35:30 GMT","Fri, 23 Oct 2015 05:38:02 GMT"
563004095ecec600b700268a,herbarium,561ab9b462b39a5cfdfccb96,BRIT118088,not-logged-in-16f107a08434bd22c0e9189f3deb4525,2015-10-27 23:08:57 UTC,John R. MacDonald,9/6/93,6704,United States,Houston,"locally common, flowers yellow","Dothan, Roadside along Ross Clark Circle at 0.5 miles south of jnct. with Hwy. 84 East",Hypericum crux-andreae,AL,,"Tue, 27 Oct 2015 23:07:20 GMT","Tue, 27 Oct 2015 23:09:29 GMT"
564b564b85563a7ad200398d,herbarium,561ab9b462b39a5cfdfccb96,BRIT118088,TroyJr,2015-11-17 16:31:07 UTC,John R. MacDonald,9/6/93,6704,United States,Houston,"Roadside, locally common","Dothan, Roadside along Ross Clark Circle at 0.5 miles south of jnct. with Hwy. 84 East.",Hypericum crux-andreae,AL,,"Tue, 17 Nov 2015 16:16:25 GMT","Tue, 17 Nov 2015 16:31:06 GMT"
562a4949f3cdc4009a0063d6,herbarium,561ab9b462b39a5cfdfccb98,BRIT118090,TroyJr,2015-10-23 14:50:49 UTC,P. Adams & Robson,7/11/80,,United States,Limestone,Wet depression,"N side of US 72, 2.0 miles W of jct. US 72 and AL 127 (in Athens)",Hypericum stans,AL,,"Fri, 23 Oct 2015 14:35:14 GMT","Fri, 23 Oct 2015 14:50:49 GMT"
562afb6bf3cdc400be0071bd,herbarium,561ab9b462b39a5cfdfccb98,BRIT118090,abyoung,2015-10-24 03:30:51 UTC,David H. Webb,7/11/80,3056,United States,Limestone,Wet depression,"N side of US 72, 2.0 miles W of jct. US 72 and AL 127 (in Athens)",Hypericum stans,AL,,"Sat, 24 Oct 2015 03:29:10 GMT","Sat, 24 Oct 2015 03:30:51 GMT"
562bee01f3cdc400940001cf,herbarium,561ab9b462b39a5cfdfccb98,BRIT118090,jason5400,2015-10-24 20:45:53 UTC,David H. Webb ,7/11/80,3056,United States,Limestone,Wet depression ,"on the N side of US 72, 2.0 miles W of jct. US 72 and AL 127 ( in Athens) ",Hypericum stans ,AL,,"Sat, 24 Oct 2015 20:40:10 GMT","Sat, 24 Oct 2015 20:46:23 GMT"
56314a4c5ecec60dbe0063bb,herbarium,561ab9b462b39a5cfdfccb98,BRIT118090,Ta'keisha ,2015-10-28 22:21:00 UTC,David H. Webb,7/11/80,3056,United States,Limestone,Wet depression ,"on the N side of US 72, 2.0 miles W of jct. US 72 and AL 127 (in Athens). ",Hypericum stans ,AL,,"Wed, 28 Oct 2015 22:18:12 GMT","Wed, 28 Oct 2015 22:21:00 GMT"
562a3f42f3cdc40094003ce1,herbarium,561ab9b462b39a5cfdfccb9b,BRIT118093,vivia,2015-10-23 14:08:02 UTC,R.Kral,10/6/74,54403,United States,Morgan,sandy open flatwoods,Ca. 2mi.s. Hartselle,Hypericum stans,AL,,"Fri, 23 Oct 2015 14:03:52 GMT","Fri, 23 Oct 2015 14:08:13 GMT"
562beabdf3cdc400b7000b9c,herbarium,561ab9b462b39a5cfdfccb9b,BRIT118093,jason5400,2015-10-24 20:31:57 UTC,R. Kral ,10/6/74,54403,United States,Morgan,sandy open flatwoods. ,ca. 2 mi. s. Hartselle.,Hypericum stans ,AL,,"Sat, 24 Oct 2015 20:29:32 GMT","Sat, 24 Oct 2015 20:32:27 GMT"
563396315ecec600990045be,herbarium,561ab9b462b39a5cfdfccb9b,BRIT118093,plantgurl11,2015-10-30 16:09:21 UTC,R. Kral,10/6/74,54403,United States,Morgan,sandy open flatwoods,Ca. 2 mi. s. Hartselle,Hypericum stans,AL,,"Fri, 30 Oct 2015 16:08:39 GMT","Fri, 30 Oct 2015 16:09:28 GMT"
562d630df3cdc452260017e9,herbarium,561ab9b462b39a5cfdfccb9c,BRIT118094,ross Sr,2015-10-25 23:17:33 UTC,R. Kral,8/11/75,56374,United States,Pickens,Sandy seep,Ca. 2 mi. e. Reform by US 82,Hypericum stans,AL,,"Sun, 25 Oct 2015 23:15:36 GMT","Sun, 25 Oct 2015 23:17:33 GMT"
562d6c64f3cdc4523d001a34,herbarium,561ab9b462b39a5cfdfccb9c,BRIT118094,not-logged-in-a2550a59ffa496456a2cd853e72e307d,2015-10-25 23:57:24 UTC,R. Kral,8/11/75,56374,United States,Pickens,Sandy seep,Ca. 2 mi. e. Reform by US 82,Hypericum stans ,AL,,"Sun, 25 Oct 2015 23:56:26 GMT","Sun, 25 Oct 2015 23:57:23 GMT"
5635773f5ecec6398e0000cd,herbarium,561ab9b462b39a5cfdfccb9c,BRIT118094,not-logged-in-bfbd0d20da27f8ac7668bd1950f3ae65,2015-11-01 02:21:51 UTC,R. Kral,8/11/75,56374,United States,Pickens,sandy seep,Ca. 2 mi. e. Reform by US 82,Hypericum stans,AL,,"Sun, 01 Nov 2015 02:18:40 GMT","Sun, 01 Nov 2015 02:21:52 GMT"
5644b9421cd22839f10002c3,herbarium,561ab9b462b39a5cfdfccb9c,BRIT118094,TroyJr,2015-11-12 16:07:30 UTC,R. Kral,8/11/75,56374,United States,Pickens,sandy seep,Ca. 2 mi. e. Reform by US 82,Hypericum stans,AL,,"Thu, 12 Nov 2015 16:04:29 GMT","Thu, 12 Nov 2015 16:07:34 GMT"
562bdca5f3cdc400ac009831,herbarium,561ab9b462b39a5cfdfccb9d,BRIT118095,cmiddlebrook,2015-10-24 19:31:49 UTC,R. Kral,9/21/69,37244,United States,Washington,"Longleaf pineland bog,",3.2 mi. s. jct. county 34 and 28 at St. Stevens.,Hypericum stans,AL,,"Sat, 24 Oct 2015 19:29:59 GMT","Sat, 24 Oct 2015 19:31:49 GMT"
562f89aa5ecec6008d00092f,herbarium,561ab9b462b39a5cfdfccb9d,BRIT118095,not-logged-in-5a222d4b1ef01ab2177b4f9c4162d8ac,2015-10-27 14:26:50 UTC,R. Kral,9/21/69,37244,United States,Washington,Longleaf pineland bog,3.2 mi. s. jct. county 34 and 28 at St. Stevens,Hypericum stans,AL,,"Tue, 27 Oct 2015 14:24:49 GMT","Tue, 27 Oct 2015 14:26:50 GMT"
562fedc35ecec6236e001d68,herbarium,561ab9b462b39a5cfdfccb9d,BRIT118095,not-logged-in-0365b4e7e897f0fb8368544e5cf589db,2015-10-27 21:33:55 UTC,R. Kral,9/21/69,37244,United States,Washington,long eaf pineland bog,3.2 mi. s. jct. county 34 and 28 at St. Stevens,Hypericum stans,AL,,"Tue, 27 Oct 2015 21:31:13 GMT","Tue, 27 Oct 2015 21:33:56 GMT"
56291b5df3cdc400b2001d5d,herbarium,561ab9b462b39a5cfdfccba5,BRIT118103,pbilltx,2015-10-22 17:22:37 UTC,John R. MacDonald,9/24/91,3852,United States,Houston,woods 0.2 mi. from creek - occasional-,ca. 9 miles south of Dothan; Woods 0.2 mi. north of where Hwy. 231 crosses Big Creek,Quercus lyrata,AL,,"Thu, 22 Oct 2015 17:19:36 GMT","Thu, 22 Oct 2015 17:22:37 GMT"
562bdca8f3cdc400b70007d7,herbarium,561ab9b462b39a5cfdfccba5,BRIT118103,yjustice,2015-10-24 19:31:52 UTC,John R. MacDonald,9/24/91,3852,United States,Houston,Woods. Occasional.,Ca. 9 miles south of Dothan; 0.2 mi. north of where Hwy. 231 crosses Big Creek.,Quercus lyrata,AL,,"Sat, 24 Oct 2015 19:29:54 GMT","Sat, 24 Oct 2015 19:31:40 GMT"
563396005ecec600990045ba,herbarium,561ab9b462b39a5cfdfccba5,BRIT118103,plantgurl11,2015-10-30 16:08:32 UTC,John R. MacDonald,9/24/91,3852,United States,Houston,woods; occasional,ca. 9 miles south of Dothan; 0.2 mi. north of where Hwy. 231 crosses Big Creek,Quercus lyrata,AL,,"Fri, 30 Oct 2015 16:07:22 GMT","Fri, 30 Oct 2015 16:08:39 GMT"
563d34f21cd228338300225c,herbarium,561ab9b462b39a5cfdfccba5,BRIT118103,ktaylorbrit,2015-11-06 23:17:06 UTC,John R. MacDonald,9/24/91,3852,United States,Houston,occasional,ca. 9 miles south of Dothan; Woods 0.2 mi. north of where Hwy. 231 crosses Big Creek.,Quercus lyrata,AL,,"Fri, 06 Nov 2015 23:15:27 GMT","Fri, 06 Nov 2015 23:17:06 GMT"
562a50c0f3cdc4009d0042e6,herbarium,561ab9b462b39a5cfdfccba7,BRIT118105,cmiddlebrook,2015-10-23 15:22:40 UTC,Allison Boone,11/7/71,344,United States,Lee,Grassy lawn with sandy soil. About 25 ft. tall.,"AUburn Univ.: from the front, to the right of Funchess Hall.",Quercus lyrata,AL,,"Fri, 23 Oct 2015 15:21:03 GMT","Fri, 23 Oct 2015 15:22:40 GMT"
563ceca51cd2282ce90028f4,herbarium,561ab9b462b39a5cfdfccba7,BRIT118105,ross Sr,2015-11-06 18:08:37 UTC,Allisen Boone,11/7/71,344,United States,Lee,Grassy lawn with sandy soil. About 25 ft. tall.,"Auburn Univ. : from the front, to the right of Funchess Hall",Quercus lyrata,AL,,"Fri, 06 Nov 2015 18:02:37 GMT","Fri, 06 Nov 2015 18:08:26 GMT"
564247111cd22812c6002dd2,herbarium,561ab9b462b39a5cfdfccba7,BRIT118105,not-logged-in-b7daf4a5360690baa3d211c4ef1b46a3,2015-11-10 19:35:45 UTC,Allison Boone,11/7/71,344,United States,Lee,Grassy lawn with sandy soil. About 25 ft. tall,"Auburn Univ.: from the front, to the right of Funchess Hall",Quercus lyrata,AL,,"Tue, 10 Nov 2015 19:34:23 GMT","Tue, 10 Nov 2015 19:35:44 GMT"
562ae56cf3cdc4009d006d02,herbarium,561ab9b462b39a5cfdfccbad,BRIT118111,HeatherBass,2015-10-24 01:57:00 UTC,R. Kral,6/6/72,47329,United States,Pike,Tree of Conecuh River bottoms,"Conecuh River bottoms where crossed by US 231, n.w. side Troy.",Quercus lyrata,AL,,"Sat, 24 Oct 2015 01:44:17 GMT","Sat, 24 Oct 2015 01:57:00 GMT"
562af6b5f3cdc400be007149,herbarium,561ab9b462b39a5cfdfccbad,BRIT118111,yjustice,2015-10-24 03:10:45 UTC,R. Kral,6/6/72,47329,United States,Pike,Tree of Conecuh river bottoms.,"Conecuh river bottoms where crossed bu US 231, n. w. side Trey.",Quercus lyrata,AL,,"Sat, 24 Oct 2015 03:08:00 GMT","Sat, 24 Oct 2015 03:10:44 GMT"
5648c13085563a4753000949,herbarium,561ab9b462b39a5cfdfccbad,BRIT118111,not-logged-in-6bd592885eb645fe53318af2da7a2f1c,2015-11-15 17:30:24 UTC,R. Kral,6/6/72,47329,United States,Pike,none,"Tree of Conecuh River bottoms where crossed by US 231, n.w. side Troy",Quercus lyrata,AL,,"Sun, 15 Nov 2015 17:28:58 GMT","Sun, 15 Nov 2015 17:30:23 GMT"
562d048cf3cdc400ac00c5d6,herbarium,561ab9b462b39a5cfdfccbaf,BRIT118113,TroyJr,2015-10-25 16:34:20 UTC,R. Kral,7/14/69,35589,United States,Washington,Tombigbee River bottoms,"Tombigbee River bottoms, s. side, where crossed by US 43, s. of Jackson",Quercus lyrata,AL,,"Sun, 25 Oct 2015 16:30:25 GMT","Sun, 25 Oct 2015 16:34:20 GMT"
562d1d0af3cdc400c1002d0d,herbarium,561ab9b462b39a5cfdfccbaf,BRIT118113,abyoung,2015-10-25 18:18:50 UTC,R. Kral,7/14/69,35589,United States,Washington,"Spreading, flaky-barked tree","Tombigbee River bottoms, s. side, where crossed by US 43, s. of Jackson",Quercus lyrata,AL,,"Sun, 25 Oct 2015 18:17:35 GMT","Sun, 25 Oct 2015 18:18:51 GMT"
563a62ef1cd22860030004a5,herbarium,561ab9b462b39a5cfdfccbaf,BRIT118113,not-logged-in-e84eea89c335ff2dac030170a996da4d,2015-11-04 19:56:31 UTC,R. Kral,7/14/69,35589,United States,Washington,"Spreading, flaky-barked tree of Tombigbee River bottoms","Tombigbee River bottoms, south side, where crossed by US 43 south of Jackson",Quercus lyrata,AL,,"Wed, 04 Nov 2015 19:53:50 GMT","Wed, 04 Nov 2015 19:56:26 GMT"
56294e72f3cdc4009a002ff1,herbarium,561ab9b462b39a5cfdfccbb1,BRIT118115,mmadrid,2015-10-22 21:00:34 UTC,A. R. Diamond ,4/27/09,20637,United States,Montgomery,"Full sun, heavy Blackbelt clay soil. One large tree. Elevation: 295 ft.",Snowdoum. Intersection of Hobbie Road (Montgomery County Hwy. 61) and U.S. Hwy 331. 32ï¿_ï¿__ï¿_ï¿__ï¿_ï¿__ 14' 30.40'N 86ï¿_ï¿__ï¿_ï¿__ï¿_ï¿__ 17' 41.20'W,Quercus macrocarpa,AL,,"Thu, 22 Oct 2015 20:53:42 GMT","Thu, 22 Oct 2015 21:00:34 GMT"
562d2542f3cdc400be00ca09,herbarium,561ab9b462b39a5cfdfccbb1,BRIT118115,plantgurl11,2015-10-25 18:53:54 UTC,A. R. Diamond,4/27/09,20637,United States,Montgomery,"Full sun, heavy Blackbelt clay soil. One large tree.","Snowdoum. Intersection of Hobbie Road (Montgomery County Hwy. 61) and U.S. Hwy. 331. 32ï¿_ï¿__ï¿_ï¿__ï¿_ï¿__ 14' 30.40'N, 86ï¿_ï¿__ï¿_ï¿__ï¿_ï¿__ 17' 41.20'W, elevation 295 ft.",Quercus macrocarpa,AL,,"Sun, 25 Oct 2015 18:52:04 GMT","Sun, 25 Oct 2015 18:53:53 GMT"
5638b6491cd228180c00009f,herbarium,561ab9b462b39a5cfdfccbb1,BRIT118115,pbilltx,2015-11-03 13:27:37 UTC,A. R. Diamond,4/27/09,20637,United States,Montgomery,"full sun, heavy blackbelt clay soil. One large tree","Snowdoum. Intersection of Hobbie Road (Montgomery County Hwy. 61) and U.S. Hwy.  32ï¿_ï¿__ï¿_ï¿__ï¿_ï¿__14ï¿_ï¿__ï¿_ï¿__ï¿_ï¿_ï¿__30.40ï¿_ï¿__ï¿_ï¿__ï¿_ï¿__ï¿_ï¿___N  86ï¿_ï¿__ï¿_ï¿__ï¿_ï¿__17ï¿_ï¿__ï¿_ï¿__ï¿_ï¿_ï¿__41.20ï¿_ï¿__ï¿_ï¿__ï¿_ï¿__ï¿_ï¿___W, elevation 295 ft. ",Quercus macrocarpa,AL,,"Tue, 03 Nov 2015 13:22:49 GMT","Tue, 03 Nov 2015 13:27:38 GMT"
563b24e41cd2286029001b4b,herbarium,561ab9b462b39a5cfdfccbb1,BRIT118115,not-logged-in-b7daf4a5360690baa3d211c4ef1b46a3,2015-11-05 09:44:04 UTC,A.R.Diamond,4/27/09,20637,United States,Montgomery,"Full sun, heavy Blackbelt clay soil. One large tree.",Snowdoum. Intersection of Hobbie Road (Montgomery County Hwy.61) and U.S.Hwy.331. 32ï¿_ï¿__ï¿_ï¿__ï¿_ï¿__14'30.40' N  86ï¿_ï¿__ï¿_ï¿__ï¿_ï¿__17'41.20'W  Elevation 295 ft.,Quercus macrocarpa,AL,,"Thu, 05 Nov 2015 09:41:14 GMT","Thu, 05 Nov 2015 09:44:03 GMT"
562bf463f3cdc4148900543a,herbarium,561ab9b462b39a5cfdfccbb2,BRIT118116,plantgurl11,2015-10-24 21:13:07 UTC,Ken Rogers,5/20/73,9201,United States,Pickens,roadside,a few mi. S of Aliceville,Quercus macrocarpa,AL,,"Sat, 24 Oct 2015 21:12:17 GMT","Sat, 24 Oct 2015 21:13:07 GMT"
562d6ad1f3cdc400c100426c,herbarium,561ab9b462b39a5cfdfccbb2,BRIT118116,not-logged-in-a2550a59ffa496456a2cd853e72e307d,2015-10-25 23:50:41 UTC,Ken Rogers ,5/20/73,9201,United States,Pickens,Roadside,A few mi. S of Aliceville,Quercus macrocaroa,AL,,"Sun, 25 Oct 2015 19:31:18 GMT","Sun, 25 Oct 2015 23:50:40 GMT"
562fe3ba5ecec600b7001ef3,herbarium,561ab9b462b39a5cfdfccbb2,BRIT118116,not-logged-in-5a222d4b1ef01ab2177b4f9c4162d8ac,2015-10-27 20:51:06 UTC,Ken Rogers,5/20/73,9201,United States,Pickens,roadside,"A few mi. S of Aliceville, roadside",Quercus macrocarpa,AL,,"Tue, 27 Oct 2015 20:49:07 GMT","Tue, 27 Oct 2015 20:51:06 GMT"
562feec95ecec645230013bf,herbarium,561ab9b462b39a5cfdfccbb2,BRIT118116,not-logged-in-0365b4e7e897f0fb8368544e5cf589db,2015-10-27 21:38:17 UTC,Ken Rogers,5/20/73,9201,United States,Pickens,roadside,a few mi. S of Aliceville,Quercus macrocarpa,AL,,"Tue, 27 Oct 2015 21:36:47 GMT","Tue, 27 Oct 2015 21:38:17 GMT"
562a61c7f3cdc40096006cda,herbarium,561ab9b462b39a5cfdfccbb5,BRIT118119,ArcherElleen,2015-10-23 16:35:19 UTC,R. Kral,5/21/68,30972,United States,Autauga,Sandy clay of oak-pine woods. Shrub.,Interstate 65 9.8 mi. s. Chilton Co. line or ca 11 mi. s. Verbena,Quercus margaretta ashe,AL,,"Fri, 23 Oct 2015 16:31:08 GMT","Fri, 23 Oct 2015 16:35:18 GMT"
562bcd74f3cdc4007b000358,herbarium,561ab9b462b39a5cfdfccbb5,BRIT118119,bbest,2015-10-24 18:27:00 UTC,R. Kral,5/21/68,30972,United States,Autauga,sandy clay of oak-pine woods. Shrub.,Interstate 65 9.3 mi. s. Chilton Co. line or ca 11 mi. s. Verbena,Quercus margaretta,AL,,"Sat, 24 Oct 2015 18:24:31 GMT","Sat, 24 Oct 2015 18:27:05 GMT"
562cfa65f3cdc400980027fe,herbarium,561ab9b462b39a5cfdfccbb5,BRIT118119,kcoady,2015-10-25 15:51:01 UTC,R. Kral,5/21/68,30972,United States,Autauga,sandy clay of oakeypine woods,Interstate 65 9.3 mi. S. Chilton Co. line,Quercus boyntonii,AL,,"Sun, 25 Oct 2015 15:48:46 GMT","Sun, 25 Oct 2015 15:51:04 GMT"
562d0a10f3cdc40094002a68,herbarium,561ab9b462b39a5cfdfccbb8,BRIT118122,kcoady,2015-10-25 16:57:52 UTC,R. Kral,5/20/68,30913,United States,Barbour,pineland,Public access area to W.F. George Reservoir ca 7 mi S Eufaula,Quercus boyntonii,AL,,"Sun, 25 Oct 2015 16:55:52 GMT","Sun, 25 Oct 2015 16:57:55 GMT"
5634ba9d5ecec627310009af,herbarium,561ab9b462b39a5cfdfccbb8,BRIT118122,pbilltx,2015-10-31 12:57:01 UTC,R. Kral,5/20/68,30913,United States,Barbour,pineland; shrubby,public access area to W.F. George Reservoir ca 7 mi. s Eufaula,Quercus margarettae,AL,,"Sat, 31 Oct 2015 12:53:35 GMT","Sat, 31 Oct 2015 12:57:00 GMT"
56523a5f0e1a97589e00043e,herbarium,561ab9b462b39a5cfdfccbb8,BRIT118122,not-logged-in-6bd592885eb645fe53318af2da7a2f1c,2015-11-22 21:57:51 UTC,R. Kral,5/20/68,30913,United States,Barbour,pineland; shrubby,Public access area to W.F.George Reservoir ca 7 mi. s. Eufaula,Quercus margaretta,AL,,"Sun, 22 Nov 2015 21:55:31 GMT","Sun, 22 Nov 2015 21:57:51 GMT"
562910cbf3cdc40092001a92,herbarium,561ab9b462b39a5cfdfccbc0,BRIT118130,not-logged-in-4e50c019d76fc93f758d42de2bf81552,2015-10-22 16:37:31 UTC,Sidney McDaniel,9/27/65,7004,United States,Chilton,"fall-line sand hill, longleaf pine-turkey oak, 35 ft. tree",11 miles southwest of Maplesville,Quercus margaretta,AL,,"Thu, 22 Oct 2015 16:35:43 GMT","Thu, 22 Oct 2015 16:37:31 GMT"
562bce6ff3cdc41489004a2a,herbarium,561ab9b462b39a5cfdfccbc0,BRIT118130,Peter Fritsch,2015-10-24 18:31:11 UTC,,,,,,,,,,TRUE,"Sat, 24 Oct 2015 18:31:08 GMT","Sat, 24 Oct 2015 18:31:08 GMT"
565a2c089e006460f90001c3,herbarium,561ab9b462b39a5cfdfccbc0,BRIT118130,Angelikap,2015-11-28 22:34:48 UTC,Sidney McDaniel,9/27/65,7004,United States,Chilton,"fall-line sand hill, longleaf pine-turkey oak, 35ft tree",11 miles southeast of Maplesville,Quercus margaretta ashe,AL,,"Sat, 28 Nov 2015 22:32:30 GMT","Sat, 28 Nov 2015 22:34:44 GMT"
562a3cc6f3cdc400b200601a,herbarium,561ab9b462b39a5cfdfccbc3,BRIT118133,cjbaileyjr,2015-10-23 13:57:26 UTC,A. R. Diamond,6/28/02,13422,United States,Coffee,"Xeric Sandhill, common","Ft. Rucker, impact area north of Alabama Hwy 27, 31 27' 21'N, 85 50' 37'W",Quercus margarettiae,AL,,"Fri, 23 Oct 2015 13:54:34 GMT","Fri, 23 Oct 2015 13:57:26 GMT"
562a4c65f3cdc4148900003b,herbarium,561ab9b462b39a5cfdfccbc3,BRIT118133,vivia,2015-10-23 15:04:05 UTC,A.R. Diamond,6/28/02,13422,United States,Coffee,xeric sandhill common,Ft Rucker impact area north of Alabama Hwy.27,Quercus margarettiae,AL,,"Fri, 23 Oct 2015 15:02:18 GMT","Fri, 23 Oct 2015 15:04:17 GMT"
562bfa24f3cdc4009800045d,herbarium,561ab9b462b39a5cfdfccbc3,BRIT118133,cmiddlebrook,2015-10-24 21:37:40 UTC,A. R. Diamond,6/28/02,13422,United States,Coffee,Xeric sandhill. Common.,"Ft. Rucker.  Impact area north of Alabama Hwy. 27. 31ï¿_ï¿__ï¿_ï¿__ï¿_ï¿__ 27' 21'N, 85ï¿_ï¿__ï¿_ï¿__ï¿_ï¿__ 50' 37'W-Enterprise NE quad",Quercus margarettiae,AL,,"Sat, 24 Oct 2015 21:35:47 GMT","Sat, 24 Oct 2015 21:37:40 GMT"
562919b0f3cdc40092001e1d,herbarium,561ab9b462b39a5cfdfccbc4,BRIT118134,pbilltx,2015-10-22 17:15:28 UTC,R. Kral,5/5/87,73955,United States,Coffee,"sandy roadside, tree","by city 73, ca. 2 mi. s.w. jct. US 231",Quercus margarette,AL,,"Thu, 22 Oct 2015 17:13:39 GMT","Thu, 22 Oct 2015 17:15:28 GMT"
562a4e13f3cdc400be0043d9,herbarium,561ab9b462b39a5cfdfccbc4,BRIT118134,Peter Fritsch,2015-10-23 15:11:15 UTC,R. Kral,5/5/87,73955,United States,Coffee,"Sandy roadside, tree","By cty 73, ca. 2 mi. s.w. jct. US 231.",Quercus margaretta,AL,,"Fri, 23 Oct 2015 15:10:07 GMT","Fri, 23 Oct 2015 15:11:11 GMT"
562a5959f3cdc400b20067ca,herbarium,561ab9b462b39a5cfdfccbc4,BRIT118134,cmiddlebrook,2015-10-23 15:59:21 UTC,R. Kral,5/5/87,73955,United States,Coffee,"Sandy roadside, tree,","by cty 73, ca. 2 mi. s.w. jct. US 231.",Quercus margaretta,AL,,"Fri, 23 Oct 2015 15:57:07 GMT","Fri, 23 Oct 2015 15:59:21 GMT"
562a4422f3cdc400b2006213,herbarium,561ab9b462b39a5cfdfccbc6,BRIT118136,cmiddlebrook,2015-10-23 14:28:50 UTC,R. Kral,9/1/69,36769,United States,Coffee,"Tree to 40', bark shallow furrowed; sandy churchyard","by Ala 51, 10 mi. n. Enterprise.",Quercus margaretta,AL,,"Fri, 23 Oct 2015 14:26:06 GMT","Fri, 23 Oct 2015 14:28:50 GMT"
562aa0f4f3cdc400b2007faf,herbarium,561ab9b462b39a5cfdfccbc6,BRIT118136,ktaylorbrit,2015-10-23 21:04:52 UTC,R. Kral,9/1/69,36769,United States,Coffee,"Tree to 40', bark shallowly furrowed; sandy churchyard","by Ala 51, 10 mi. n. Enterprise.",Quercus margaretta,AL,,"Fri, 23 Oct 2015 21:03:34 GMT","Fri, 23 Oct 2015 21:04:52 GMT"
562b05baf3cdc400be007346,herbarium,561ab9b462b39a5cfdfccbc6,BRIT118136,yjustice,2015-10-24 04:14:50 UTC,R. Kral,9/1/69,36769,United States,Coffee,"Tree to 40', bark shallowly furrowed; sandy churchyard.","By ALA 51, 10 mi. n. Enterprise.",Quercus margaretta,AL,,"Sat, 24 Oct 2015 04:11:52 GMT","Sat, 24 Oct 2015 04:14:47 GMT"
5646668685563a009e0008eb,herbarium,561ab9b462b39a5cfdfccbc6,BRIT118136,not-logged-in-6bd592885eb645fe53318af2da7a2f1c,2015-11-13 22:39:02 UTC,R. Kral,9/1/69,36769,United States,Coffee,"Tree to 40', bark shallowy furrowed; sandy churchyard","by Ala 51, 10 mi. n. Enterprise",Quercus margaretta,AL,,"Fri, 13 Nov 2015 22:37:25 GMT","Fri, 13 Nov 2015 22:39:02 GMT"
562c204af3cdc4009d00a229,herbarium,561ab9b462b39a5cfdfccbcb,BRIT118141,cjbaileyjr,2015-10-25 00:20:26 UTC,R. Kral,10/24/81,68036,United States,Covington,"Small scrub tree with longleaf pine, upland around Blue Pond.","Small scrub trees with longleaf pine, upland around Blue Pond, Conecuh Nat. Forest, s.w. of Andalusia",Quercus margaretta,AL,,"Sun, 25 Oct 2015 00:17:42 GMT","Sun, 25 Oct 2015 00:20:25 GMT"
562f9e5a5ecec6236e000980,herbarium,561ab9b462b39a5cfdfccbcb,BRIT118141,tgusse,2015-10-27 15:55:06 UTC,R. Kral,10/24/81,68036,United States,Covington,"small scrub trees with longleaf pine, forest",uplands around Blue Pond Conecuh Nat. s.w. of Andalusia,Quercus margaretta Ashe,AL,,"Tue, 27 Oct 2015 15:49:27 GMT","Tue, 27 Oct 2015 15:55:11 GMT"
564017731cd22852de00068c,herbarium,561ab9b462b39a5cfdfccbcb,BRIT118141,CharlesGardner,2015-11-09 03:48:03 UTC,R. Kral,10/24/81,68036,United States,Covington,small scrub trees with longleaf pine,"Around Blue Pond, Conecuh Nat. Forest, s.w. of Andalusia",Quercus margaretta,AL,,"Mon, 09 Nov 2015 03:45:02 GMT","Mon, 09 Nov 2015 03:48:02 GMT"
5628de04f3cdc400a3000876,herbarium,561ab9b462b39a5cfdfccbcf,BRIT118145,not-logged-in-eb850716c2ee95c7e96e0977860a4257,2015-10-22 13:00:52 UTC,A. R. Diamond,6/8/04,14434,United States,Escambia,Sandy pine woods. Common small tree.,"Conecuh National Forest, Forest Service Road 379",Quercus margarettiae,AL,,"Thu, 22 Oct 2015 12:58:13 GMT","Thu, 22 Oct 2015 13:00:55 GMT"
562c025ef3cdc4009400062a,herbarium,561ab9b462b39a5cfdfccbcf,BRIT118145,plantgurl11,2015-10-24 22:12:46 UTC,A. R. Diamond,6/8/04,14434,United States,Escambia,Sandy pine woods. Common small tree,"Conecuh National Forest, Forest Service Road 379. 31ï¿_ï¿__ï¿_ï¿__ï¿_ï¿__ 01' 09'N, 86ï¿_ï¿__ï¿_ï¿__ï¿_ï¿__ 49' 20'W Parker Spring quad",Quercus margarettae,AL,,"Sat, 24 Oct 2015 22:11:12 GMT","Sat, 24 Oct 2015 22:12:46 GMT"
563160f35ecec6234c000d1a,herbarium,561ab9b462b39a5cfdfccbcf,BRIT118145,Ta'keisha ,2015-10-28 23:57:39 UTC,,,,,,,,,,TRUE,"Wed, 28 Oct 2015 23:57:10 GMT","Wed, 28 Oct 2015 23:57:40 GMT"
562d45acf3cdc400c100385c,herbarium,561ab9b462b39a5cfdfccbd6,BRIT118152,yjustice,2015-10-25 21:12:12 UTC,R. Kral,8/14/68,32244,United States,Coffee,Sandy swale in oak barrens.,N. e. side Arnold Village.,Hypericum gentianoides,TN,,"Sun, 25 Oct 2015 21:11:04 GMT","Sun, 25 Oct 2015 21:12:12 GMT"
5632c6c85ecec600b5003476,herbarium,561ab9b462b39a5cfdfccbd6,BRIT118152,ja35linds,2015-10-30 01:24:24 UTC,R. Kral,8/14/68,32244,United States,Coffee,Sandy swale in oak barrens,n.e. side Arnold Village,Hypericum gentianoides,TN,,"Fri, 30 Oct 2015 01:23:19 GMT","Fri, 30 Oct 2015 01:24:35 GMT"
565484a30e1a97009c00281e,herbarium,561ab9b462b39a5cfdfccbd6,BRIT118152,mmadrid,2015-11-24 15:39:15 UTC,R. Kral,8/14/68,32244,United States,Coffee,Sandy swale in oak barrens,N.E. side Arnold Village,Hypericum gentianoides,TN,,"Tue, 24 Nov 2015 15:36:17 GMT","Tue, 24 Nov 2015 15:39:15 GMT"
562a3ed1f3cdc400b2006097,herbarium,561ab9b462b39a5cfdfccbd7,BRIT118153,cjbaileyjr,2015-10-23 14:06:09 UTC,Kurt E. Blum,9/26/68,3030,United States,Coffee,along powerline at margin of planted pine,1.5 mi. W of Arnold Center along powerline,Hypericum gentianoides,TN,,"Fri, 23 Oct 2015 13:57:26 GMT","Fri, 23 Oct 2015 14:06:09 GMT"
562a4dcbf3cdc400b20064d4,herbarium,561ab9b462b39a5cfdfccbd7,BRIT118153,MarylouiseLindsey,2015-10-23 15:10:04 UTC,Kurt E. Blum,9/26/68,3030,United States,Coffee,At margin of planted pine,1.5 mi W of Arnold Center along power line at margin of planted pine,Hypericum gentianoides,TN,,"Fri, 23 Oct 2015 15:06:54 GMT","Fri, 23 Oct 2015 15:10:33 GMT"
562a7283f3cdc400960071f0,herbarium,561ab9b462b39a5cfdfccbd7,BRIT118153,ross Sr,2015-10-23 17:46:43 UTC,Kurt E. Blum,9/26/68,3030,United States,Coffee,along power line at margin of planted pine,1.5 mi W of Arnold Center,Hypericum qentianoides,TN,,"Fri, 23 Oct 2015 17:44:00 GMT","Fri, 23 Oct 2015 17:46:38 GMT"
56314ee75ecec60dbe0064e9,herbarium,561ab9b462b39a5cfdfccbd7,BRIT118153,Ta'keisha ,2015-10-28 22:40:39 UTC,Kurt E. Blum ,9/26/68,3030,United States,Coffee,at margin of planted pine. ,1.5 mi W of Arnold Center along power line ,Hypericum gentianoides,TN,,"Wed, 28 Oct 2015 22:33:24 GMT","Wed, 28 Oct 2015 22:40:39 GMT"
562d11f6f3cdc400be00c52a,herbarium,561ab9b462b39a5cfdfccbd9,BRIT118155,ross Sr,2015-10-25 17:31:34 UTC,R. B. Channell,8/6/57,7549,United States,Cumberland,Dry thin soil amongst rock outcrops,"near Mayland, along US Route 70N, on the Cumberland Plateau.",HYpericum gentianoides,TN,,"Sun, 25 Oct 2015 17:28:38 GMT","Sun, 25 Oct 2015 17:31:34 GMT"
563391ee5ecec600b500429e,herbarium,561ab9b462b39a5cfdfccbd9,BRIT118155,plantgurl11,2015-10-30 15:51:10 UTC,R. B Channell,8/6/57,7549,United States,Cumberland,Dry thin soil amongst rock outcrops,"Near Maryland, along US Route 70N, on the Cumberland Plateau.",Hypericum gentianoides,TN,,"Fri, 30 Oct 2015 15:50:08 GMT","Fri, 30 Oct 2015 15:51:17 GMT"
564561c61cd2284bea0013a5,herbarium,561ab9b462b39a5cfdfccbd9,BRIT118155,bbest,2015-11-13 04:06:30 UTC,R.B. Channell,8/6/57,7549,United States,Cumberland,Dry thin soil amongst rock outcrops.,"Near Mayland, along US Route 70N, on the Cumberland Plateau.",Hypericum gentianoides,TN,,"Fri, 13 Nov 2015 04:04:34 GMT","Fri, 13 Nov 2015 04:06:32 GMT"
562a4fa9f3cdc40096006787,herbarium,561ab9b462b39a5cfdfccbdc,BRIT118158,stormydawnc,2015-10-23 15:18:01 UTC,R. Kral,9/30/79,,United States,Dekalb,Field,old Bluhmenton Road,Hypericum gentianoides,TN,,"Fri, 23 Oct 2015 04:15:51 GMT","Fri, 23 Oct 2015 04:18:02 GMT"
562d99e8f3cdc400be00ec14,herbarium,561ab9b462b39a5cfdfccbdc,BRIT118158,abyoung,2015-10-26 03:11:36 UTC,M. Guthrie,9/30/79,,United States,Dekalb,Field,at top of old Bluhmenton Road,Hypericum gentianoides,TN,,"Mon, 26 Oct 2015 03:10:21 GMT","Mon, 26 Oct 2015 03:11:37 GMT"
56549ac30e1a9729130010cd,herbarium,561ab9b462b39a5cfdfccbdc,BRIT118158,TroyJr,2015-11-24 17:13:39 UTC,M. Guthrie,9/30/79,s. n.,United States,Dekalb,Field,Field at top of old Bluhmenton Road,Hypericum gentianoides,TN,,"Tue, 24 Nov 2015 16:58:48 GMT","Tue, 24 Nov 2015 17:13:44 GMT"
562946d7f3cdc40092002f99,herbarium,561ab9b462b39a5cfdfccbdd,BRIT118159,jbest,2015-10-22 20:28:07 UTC,R. K. Clements,8/14/85,481,United States,Franklin,"Xeric, open area with plants growing in thin soil accumulated in small depressions. 1800 ft. Pitcher Ridge Quad.","Cumberland Plateau surface on sandstone outcrop at the head of gorge above Cave Cove, ca. 15 m from Turnpike.",Hypericum gentianoides,TN,,"Thu, 22 Oct 2015 20:25:56 GMT","Thu, 22 Oct 2015 20:28:07 GMT"
562d6e50f3cdc400be00e0f2,herbarium,561ab9b462b39a5cfdfccbdd,BRIT118159,cjbaileyjr,2015-10-26 00:05:36 UTC,R. K. Clements,8/14/85,481,United States,Franklin,"Xeric, open area with plants growing in thin soil accumulated in small depressions. 1800ft. Pitcher Ridge Quad.","Cumberland Plateau surface on sandstone outcrop at the head of gorge above Cave Cove, ca. 15 m from Turnpike.",Hypericum gentianoides,TN,,"Mon, 26 Oct 2015 00:02:39 GMT","Mon, 26 Oct 2015 00:05:35 GMT"
56548dc00e1a972913000d3d,herbarium,561ab9b462b39a5cfdfccbdd,BRIT118159,mmadrid,2015-11-24 16:18:08 UTC,R. K. Clements,8/14/85,481,United States,Franklin,"Xeric, open area with plants growing in thin soil accumulated in small depressions. 1800 ft.","Cumberland Plateau surface on sandstone outcrop at the head of gorge above Cave Cove, ca. 15 m from Turnpike. Pitcher Ridge Quad",Hypericum gentianoides,TN,,"Tue, 24 Nov 2015 16:12:21 GMT","Tue, 24 Nov 2015 16:18:07 GMT"
5637b6f8f1c1725b8b000138,herbarium,561ab9b462b39a5cfdfccbde,BRIT118160,alabamaplants,2015-11-02 19:18:16 UTC,R. Kral,7/23/90,77899,United States,Franklin,Sandy clay of powerline clearing through oak barrens.,Powerline clearing 4 mi SE of Tullahoma by US 41A.,Hypericum gentianoides,TN,,"Mon, 02 Nov 2015 18:12:16 GMT","Mon, 02 Nov 2015 19:18:16 GMT"
5649f95e85563a7ad2000ec2,herbarium,561ab9b462b39a5cfdfccbde,BRIT118160,budone,2015-11-16 15:42:22 UTC,R Kral,7/23/90,77899,United States,Franklin,sandy clay of powerline,clearing through oak barrens 4 miles south east Tullahoma by US 41A,Hypericum gentianoides (L) BSP,TN,,"Mon, 16 Nov 2015 15:40:13 GMT","Mon, 16 Nov 2015 15:42:11 GMT"
564a40fd85563a0d4a001b20,herbarium,561ab9b462b39a5cfdfccbde,BRIT118160,ross Sr,2015-11-16 20:47:57 UTC,R. Kral,7/23/90,77899,United States,Franklin,Sandy clay of powerline clearing through oak barrens,4 mi. SE Tullahoma by US 41A,Hypericum gentianoides,TN,,"Mon, 16 Nov 2015 20:45:25 GMT","Mon, 16 Nov 2015 20:47:40 GMT"
56291761f3cdc40096001c95,herbarium,561ab9b462b39a5cfdfccbe1,BRIT118163,anj2009,2015-10-22 17:05:37 UTC,"Eugene Wofford, David H Webb",7/26/77,77-230,United States,Grundy,dry roadside,"Dry roadside on the north rim of Savage Gulf, Savage Gulf Natural Area",Hypericum gentianoides,TN,,"Thu, 22 Oct 2015 16:54:20 GMT","Thu, 22 Oct 2015 17:05:42 GMT"
562b74eff3cdc4580000074b,herbarium,561ab9b462b39a5cfdfccbe1,BRIT118163,cjbaileyjr,2015-10-24 12:09:19 UTC,"Eugene Wofford, David H. Webb",7/26/77,77-230,United States,Grundy,Dry roadside,"Dry roadside on the north rim of Savage Gulf, Savage Gulf Natural Area.",Hypericum gentianoides,TN,,"Sat, 24 Oct 2015 12:07:07 GMT","Sat, 24 Oct 2015 12:09:19 GMT"
562d8a77f3cdc400c1004ae1,herbarium,561ab9b462b39a5cfdfccbe1,BRIT118163,DKpierce,2015-10-26 02:05:43 UTC,,,,,,,,,,TRUE,"Mon, 26 Oct 2015 02:05:00 GMT","Mon, 26 Oct 2015 02:05:43 GMT"
562bebc7f3cdc400b7000be0,herbarium,561ab9b462b39a5cfdfccbe3,BRIT118165,moonlitliz,2015-10-24 20:36:23 UTC,R. Kral,8/9/89,76892,United States,Hardin,Habitat is moist sandy clay of cutover oak flat,"Located by 22, ca. 2.5 miles South of Crump",Hypericum gentianoides,TN,,"Sat, 24 Oct 2015 20:34:57 GMT","Sat, 24 Oct 2015 20:36:36 GMT"
562fef875ecec60dbe001ffc,herbarium,561ab9b462b39a5cfdfccbe3,BRIT118165,ross Sr,2015-10-27 21:41:27 UTC,R. Kral ,8/9/89,76892,United States,Hardin,Moist sandy clay of cutover oak flat,"by TN 22, ca. 2.5 mi. S of Crump",Hypericum gentianoides,TN,,"Tue, 27 Oct 2015 21:38:43 GMT","Tue, 27 Oct 2015 21:41:25 GMT"
56334e175ecec60099003e6a,herbarium,561ab9b462b39a5cfdfccbe3,BRIT118165,troutlily57,2015-10-30 11:01:43 UTC,R. Kral,8/9/89,76892,United States,Hardin,Moist sandy clay of cutover oak flat,"by TN 22, ca. 2.5 mi. S of Crump",Hypericum gentianoides (L.) BSP,TN,,"Fri, 30 Oct 2015 10:58:18 GMT","Fri, 30 Oct 2015 11:01:45 GMT"
562a1ee4f3cdc400be003713,herbarium,561ab9b462b39a5cfdfccbe9,BRIT118171,CyndyG,2015-10-23 11:49:56 UTC,"David H. Webb, Leon Bates",10/14/82,4738,United States,Jefferson,,"Margin of Douglas Reservoir at FBRM 55, ca. 1 mile SE of where I-40 crosses Douglas Lake; ca. 5 miles E of Dandridge.",Hypericum gentianoides,TN,,"Fri, 23 Oct 2015 11:40:34 GMT","Fri, 23 Oct 2015 11:49:54 GMT"
562d2c37f3cdc408f80007cb,herbarium,561ab9b462b39a5cfdfccbe9,BRIT118171,mmadrid,2015-10-25 19:23:35 UTC,"David H. Webb, Leon Bates",10/14/82,4738,United States,Jefferson,,"Margin of Douglas Reservoir at FBRM 55, ca. 1 mile SE of where I-40 crosses Douglas Lake; ca. 5 miles E of Dandridge",Hypericum gentianoides,TN,,"Sun, 25 Oct 2015 19:22:39 GMT","Sun, 25 Oct 2015 19:24:28 GMT"
5636e72e5ecec64a9a0023d9,herbarium,561ab9b462b39a5cfdfccbe9,BRIT118171,not-logged-in-59de4bdab5f07e820a0e03ef05c0d97a,2015-11-02 04:31:42 UTC,David B. Webb,10/14/82,4738,United States,Jefferson,,"Margin of Douglas Reservoir at FBRM 55, ca. 1 mile SE of where I-40 crosses Douglas Lake; ca. 5 miles E of Dandridge",Hypericum gentianoides,TN,,"Mon, 02 Nov 2015 04:26:24 GMT","Mon, 02 Nov 2015 04:31:39 GMT"
5629b214f3cdc4009600478e,herbarium,561ab9b462b39a5cfdfccbf3,BRIT118181,karenromeroooo,2015-10-23 04:05:40 UTC,,,,,,,,,,TRUE,"Fri, 23 Oct 2015 04:05:41 GMT","Fri, 23 Oct 2015 04:05:41 GMT"
562a25fdf3cdc4009a005a02,herbarium,561ab9b462b39a5cfdfccbf3,BRIT118181,CyndyG,2015-10-23 12:20:13 UTC,Paul Somers,8/17/78,1461,United States,Rhea,Sandstone base,"Piney Falls State Natural Area N of Spring City, Cumberland Escarpment. Along powerline ROW on plateau.",Hypericum gentianoides,TN,,"Fri, 23 Oct 2015 12:16:08 GMT","Fri, 23 Oct 2015 12:20:11 GMT"
562abe90f3cdc400ac006a01,herbarium,561ab9b462b39a5cfdfccbf3,BRIT118181,abyoung,2015-10-23 23:11:12 UTC,"Paul Somers, D.C. Eagar",8/17/78,1461,United States,Rhea,Sandstone base,Cumberland Escarpment. Along powerline ROW on plateau,Hypericum gentianoides,TN,,"Fri, 23 Oct 2015 23:09:52 GMT","Fri, 23 Oct 2015 23:11:12 GMT"
562b872df3cdc4009d0080b7,herbarium,561ab9b462b39a5cfdfccbf3,BRIT118181,cjbaileyjr,2015-10-24 13:27:09 UTC,"Paul Somers, D.C. Eagar",8/17/78,1461,United States,Rhea,Along powerline ROW on plateau. Sandstone base.,"Piney Falls State Natural Area N of Spring City, Cumberland Escarpment, along powerline ROW on plateau. Sandstone base",Hypericum gentianoides,TN,,"Sat, 24 Oct 2015 13:24:14 GMT","Sat, 24 Oct 2015 13:27:09 GMT"
562c365ef3cdc400be00a786,herbarium,561ab9b462b39a5cfdfccbf4,BRIT118182,mjstubb,2015-10-25 01:54:38 UTC,R. Kral,7/27/74,53789,United States,Warren,sandy shoulder,"Tenn. 55, n. side Morrison",Hypericum drummondii,TN,,"Sun, 25 Oct 2015 01:52:08 GMT","Sun, 25 Oct 2015 01:54:37 GMT"
562d207ff3cdc413700013ce,herbarium,561ab9b462b39a5cfdfccbf4,BRIT118182,plantgurl11,2015-10-25 18:33:35 UTC,R. Kral,7/27/74,53789,United States,Warren,sandy shoulder,"Tenn. 55, n. side Morrison",Hypericum gentianoides,TN,,"Sun, 25 Oct 2015 18:32:33 GMT","Sun, 25 Oct 2015 18:33:35 GMT"
562d2d0ff3cdc408f8000825,herbarium,561ab9b462b39a5cfdfccbf4,BRIT118182,cjbaileyjr,2015-10-25 19:27:11 UTC,R. Kral,7/27/74,53789,United States,Warren,Sandy shoulder of Tenn 55,"Sandy shoulder of Tenn. 55, n. side Morrison",Hypericum gentianoides,TN,,"Sun, 25 Oct 2015 19:25:30 GMT","Sun, 25 Oct 2015 19:27:10 GMT"
563038705ecec600ac002edc,herbarium,561ab9b462b39a5cfdfccbf4,BRIT118182,alabamaplants,2015-10-28 02:52:32 UTC,R. Kral,7/27/74,53789,United States,Warren,Sandy shoulder,TN 55 N side of Morrison.,Hypericum gentianoides,TN,,"Wed, 28 Oct 2015 02:51:02 GMT","Wed, 28 Oct 2015 02:52:29 GMT"
562a5f69f3cdc400be00483b,herbarium,561ab9b462b39a5cfdfccbf5,BRIT118183,jbest,2015-10-23 16:25:13 UTC,R. B. Channell,9/15/57,6912,United States,Coffee,"Oak barrens, consisting of blackjack, southern red and post oak, sourwood, persimmon, black cherry, etc. Moist soil in a poorly drained depression of oak flats","TN 55 ca. 4 mi. N of Tullahoma; exact. 7.9 mi. S of jct. TN 55 and US 41; near RR, btw old and new TN 55.",Hypericum gymnanthum,TN,,"Fri, 23 Oct 2015 16:21:02 GMT","Fri, 23 Oct 2015 16:25:13 GMT"
562aa9d2f3cdc400a300874c,herbarium,561ab9b462b39a5cfdfccbf5,BRIT118183,ktaylorbrit,2015-10-23 21:42:42 UTC,R. B. Channell,9/15/57,6912,United States,Coffee,"Oak barrens, consisting of blackjack, southern red and post oak, sourwood, persimmon, black cherry, etc. Moist soil in a poorly drained depression of oak flats near RR, betw old and new TN 55.",TN 55 ca. 4 mi. N of Tullahoma; exact. 7.9 mi. S of jct. TN 55 and US 41.,Hypericum gymnanthum,TN,,"Fri, 23 Oct 2015 21:40:38 GMT","Fri, 23 Oct 2015 21:42:42 GMT"
562d43b1f3cdc408f8000f03,herbarium,561ab9b462b39a5cfdfccbf5,BRIT118183,celam,2015-10-25 21:03:45 UTC,R. B. Channell,9/15/57,6912,United States,Coffee,"Oak barrens, consisting of blackjack, southern red and post oak, sourwood, persimmon, black cherry, etx. Moist soil in a poorly drained depression of oak flats near RR, betw old and new TN 55.",TN 55 ca. 4 mi. N of Tullahoma; exact 7.9 mi. S of jct. TN 55 and US 41.,Hypericum gymnanthum,TN,,"Sun, 25 Oct 2015 21:00:59 GMT","Sun, 25 Oct 2015 21:03:47 GMT"