Classification_Id,User_Id,URL,Country,State/Province,County,Scientific Name,Location,Habitat and Description,Collected By,Collector Number,Month,Day,Year
12762897,not-logged-in-5ba0ca17cf511d6cc1c0,https://panoptes-uploads.zooniverse.org/production/subject_location/545b34cb-e389-49a0-9d96-ec09dbe13f9b.jpeg,United States of America,Florida,Orange,Persea borbonia,Orlando. Collected along the northern boundary of the UCF campus,,Michael J. Courtney,47,4.0,27.0,1977.0
12763030,not-logged-in-5ba0ca17cf511d6cc1c0,https://panoptes-uploads.zooniverse.org/production/subject_location/ac3c014a-f7ed-4b05-a4bd-78a2c2e8578e.jpeg,United States of America,Florida,Highlands,Persea humilis,Along Rt. 66 ca. 1/2 mi. W of Rt. 27. S of Sebring.,"Sand pine scrub - Quercus geminata, etc... Tree about 4 m. tall. Common.",Walter S. Judd,3389,7.0,23.0,1983.0
12764329,3958.0,https://panoptes-uploads.zooniverse.org/production/subject_location/545b34cb-e389-49a0-9d96-ec09dbe13f9b.jpeg,United States of America,Florida,Orange,Persea borbonia (L.) Spreng Lauraceae,"Orange county, Orlando Collected along the northern boundary of UCF campus.",northern boundary of UCF campus.,Michael J. Courtney,No. 47,4.0,27.0,1977.0
12766394,1374209.0,https://panoptes-uploads.zooniverse.org/production/subject_location/bb46013e-71dc-45cc-aa16-dcabb62d3fbe.jpeg,United States of America,Florida,Santa Rosa,Persea palustris,"SE of Milton, Near south end of Weaver Creek ravine. West bank.","Small tree with Illicium floridanum, Ilex coacea, & Leucithoe axillaris.",James R. Burkhalter,17007,2.0,21.0,2000.0
12773268,not-logged-in-4851b60464a165ce3dd4,https://panoptes-uploads.zooniverse.org/production/subject_location/58c32542-9bef-4b6f-8c33-f18287959577.jpeg,United States of America,Florida,Hardee,Persea palustris,"Payne Creek State Historic Site, 2 mi. S.E. of Bowling Green, Rd.664A",On road grade; Rare,,,4.0,15.0,1978.0
12773365,not-logged-in-4851b60464a165ce3dd4,https://panoptes-uploads.zooniverse.org/production/subject_location/beb06f6c-4883-4899-b5ba-f9d853ab473e.jpeg,United States of America,Florida,Orange,Cinnamomum camphora,5 miles east 441,Scrub community,Holly M. Uren,,4.0,16.0,2002.0
12773590,not-logged-in-4851b60464a165ce3dd4,https://panoptes-uploads.zooniverse.org/production/subject_location/c8aa80bc-8e5d-47dd-a494-2b6f4b9f0db2.jpeg,United States of America,Florida,Escambia,Persea borbonia,On campus of Univ. of W Fla. Steep slpoe E of University Drarcoss from north end os Parking Lot 34. Bluff above floodplain. Mesic woods. Near path of old defunct abandoned Hammock Nature Park,"Small slender tree ca 15 ft tal. Partial shade. With Fagus grandifolia, Illicium floriandum",James R. Burkhalter,26034,9.0,20.0,1998.0
12773711,not-logged-in-053b37d2b8d23ba581a3,https://panoptes-uploads.zooniverse.org/production/subject_location/07f3b51c-db76-4549-87a3-fb54fc99b5a2.jpeg,United States of America,Florida,Escambia,Sassafras albium,"Neal Pensacola. S Sude of GonzÌÁlez St, about 100 ft E of Kirk St.","Tree 35ft Tal. Flus yellow, Fragment. With Prunus caroliniana",James A. Burkhalter,5720,3.0,26.0,1978.0
12775671,not-logged-in-893e09123d1276ba19fd,https://panoptes-uploads.zooniverse.org/production/subject_location/5e54b12c-54ca-4fbb-94ed-790ad36b1eea.jpeg,United States of America,Florida,Lake,Persia humilis,"""Silk Bay"" Camp La Noche, Paisley. S5 T185 R28E.",,Sam Hopkins,291,6.0,13.0,1979.0
12775765,not-logged-in-893e09123d1276ba19fd,https://panoptes-uploads.zooniverse.org/production/subject_location/ee86c0f5-68e3-446b-9b52-6ef1607e3285.jpeg,United States of America,Florida,Bay,Cinnamomum camphora,"Panama City. Millville Cemetery. N 30.152380, W 85.626799.",Volunteer tree 20 ft tall encroaching on gravestone of Wm. O. Stokes (d. 1914). Obviously escaped.,James R. Burkhalter,17752,4.0,21.0,2001.0
12775948,not-logged-in-893e09123d1276ba19fd,https://panoptes-uploads.zooniverse.org/production/subject_location/0f3044ca-39a7-4227-bcfd-33f545751f04.jpeg,United States of America,Florida,Orange,Persea borbonia,"Christmas. Orlando Wetlands Park Project. 25155 Wheeler Rd. east of N. Fort Christmas R. N 28å¼59'50"", W 80å¼59'50"".",,David Hanf,1032,8.0,6.0,1991.0
12777902,220012.0,https://panoptes-uploads.zooniverse.org/production/subject_location/db2c5643-ae10-4788-9679-d24079b97823.jpeg,United States of America,Florida,Volusia,Persea palustris,"N side of 92, ca. 2.5 miles E of entrance to Tiger Bay State Forest.. ","Edge of woods near ditch. Flowers white, in full bloom.",Walter Kingsley Taylor,s.n.,5.0,11.0,2004.0
12778050,220012.0,https://panoptes-uploads.zooniverse.org/production/subject_location/d4c24975-217a-4250-8d23-4a652682eee5.jpeg,United States of America,Florida,Santa Rosa,Persea palustria,"W of Avalon Beach. S of Int Hw 10, E of Escambia Bay (W of Avalon Blvd). NW FL Wat Mngt Dist Study. Avalon Tract. ",Low moist site in old slash pine plantation. Plot 2. Seedlings rooted in pine needle duff. Voucher. ,,16186,1.0,10.0,1999.0
12778196,220012.0,https://panoptes-uploads.zooniverse.org/production/subject_location/74e1f5dc-6b3d-4b35-9faa-493d023365e6.jpeg,United States of America,Florida,Escambia,Sassafras albidum,near Pensacola. On campus of Univ. of W. Fla. N of Pace Library.,Small saplings. Leaves fragrant when crushed. Infrequent.,James R. Burkhalter,1652,10.0,16.0,1973.0
12778413,220012.0,https://panoptes-uploads.zooniverse.org/production/subject_location/bbfec99f-da0b-4868-89ab-8b516c1e7a7b.jpeg,United States of America,Florida,Collier,Cassytha filiformis L.,"in vacant area across from 26th Ave. along U.S. 41 in Naples, T49S, R25E,","Common on scrub oak, flowers greenish-whit","R. R. Smith, T. Myint ",628,8.0,8.0,1961.0
12778677,220012.0,https://panoptes-uploads.zooniverse.org/production/subject_location/3d00c19c-c02c-44d1-a465-6c03122ce9f0.jpeg,United States of America,Florida,Seminole,Persea Palustris,"along banks of Wekiva River (S 4, 9, T20S R 29E, S 28, 33, T 20S R 29E); Va. to s. Fl.; 1 sp. in Fl. wetlands.",Similar to Persea borbonia (red-bay) in mesic to xeric woods; note rusty hairs under leaves and gall-induced deformity,Sydney T. Bacchus with Deborah R. Shelley,005541,6.0,30.0,1990.0
12779491,not-logged-in-36e637ef07c1ccc25dec,https://panoptes-uploads.zooniverse.org/production/subject_location/430fff71-6838-49a8-aec3-49e2f3688d80.jpeg,United States of America,Florida,Volusia,Persea borbonis var. humilis,east of Rt. 3 just north of the county line,Scattered in scrub vegetation with sparse overstory of slash pine,J.E. Poppleton,1034,8.0,5.0,1976.0
12779508,220012.0,https://panoptes-uploads.zooniverse.org/production/subject_location/c952b366-247d-4f60-95d3-80e65e4d50f4.jpeg,United States of America,Florida,Levy,Persea humilis,"29å¡30'6.8""N 82å¡34'4.8""W [NAD 83] 0.9 mile SW of Alachua County line on FL 24 (Archer Road), ca 5 miles NE of Bronson; 1/4-1/2 mile N of road (at big tower); ","regenerating scrubby sandhill (sprayed with aerial herbicide a few years ago, killing most trees), lots of open sand. Associates: Eriogonum, Carya floridana, Ceriatola, QUercus laevis, Aristida, Tephrosia, Lechea spp., Pityopsis, Bulbostylis, Licania, Pinus palustris (young, planted in spots), Cnidosculus, Rubus, Asimina obovata. Shrubby tree to ca 4 m tall; leaves with rusty-brown silky hairs; flowers dull yellowish. ",J. Richard Abbott,14794,5.0,8.0,2002.0
12779597,not-logged-in-36e637ef07c1ccc25dec,https://panoptes-uploads.zooniverse.org/production/subject_location/674bc2d3-24d2-424a-bb15-3cf6b87cebb5.jpeg,United States of America,Florida,Seminole,Persea palustris (Raf.) Sarg.,"Sabal Point Wildlife Refuge, T19S, R29E",,Larry W. Johnson,74-102,5.0,26.0,1974.0
12779625,317122.0,https://panoptes-uploads.zooniverse.org/production/subject_location/e0abadc7-07d4-48a5-9318-8d46aca2ab96.jpeg,United States of America,Florida,,Persea bortonia,"Walker Ranch, Osceola county",Hardwood swamp approaching lake,,J Cathy 237,8.0,1.0,1993.0
12779717,not-logged-in-36e637ef07c1ccc25dec,https://panoptes-uploads.zooniverse.org/production/subject_location/19010040-0c37-4ce8-bd9c-fd79b8591f79.jpeg,United States of America,Florida,Brevard,Cassytha filiformis L.,edge of a sand road leading west off A1A ca. 4 miles south of Melbourne Beach,"Vegetation on both sides of road coastal scrub with live oak, palmetto and sabal palm dominating species.",A.G. Shuey,,5.0,27.0,1975.0
12779740,317122.0,https://panoptes-uploads.zooniverse.org/production/subject_location/02bb9e03-fed4-45f9-9362-c5f3df2c1af0.jpeg,United States of America,Florida,Palm Beach,Cassytha filiformis,Corbett wildlife mgmt. area NW of Loxahtchee,Frequent on saw palmetto and scrub of low islands in cypress swamp,R Kral,5750,9.0,5.0,1957.0
12779780,not-logged-in-36e637ef07c1ccc25dec,https://panoptes-uploads.zooniverse.org/production/subject_location/9eaab860-e88b-4339-bac9-871a686f1442.jpeg,United States of America,Florida,Escambia,Persea palustris (Raf.) Sarg.,"near Pensacola. W of Fairfield Dr, S of Patricia St. N 30.430253å¡ W 87.308816å¡","Near edge of pond, not far from roadside. Small tree about 9 ft tall. Common. With Myrica cerifera, Ilex cassine, Cliftonia monophylla.",James R. Burkhalter,6046,8.0,11.0,1978.0
12779785,317122.0,https://panoptes-uploads.zooniverse.org/production/subject_location/88ce10b8-06e6-4d9c-b386-982a20ac13db.jpeg,United States of America,Florida,Escambia,Persea borbonia,Main campus of Univ of W Fla.,"Along S side of cross-country trail ca 0.4 mi W of road to Child Care Centre.  Small tree ca 13ft tall at edge of mesic woods.  With Ilex ambigua, Magnolia grandiflora, Hamamelis virginiana",James R. Burkhalter,21819,5.0,24.0,2008.0
12779828,not-logged-in-36e637ef07c1ccc25dec,https://panoptes-uploads.zooniverse.org/production/subject_location/74e1f5dc-6b3d-4b35-9faa-493d023365e6.jpeg,United States of America,Florida,Escambia,Sassafras albidum (Nuttall) Nees,near Pensacola. On campus of Univ. of W. Fla. N of Pace Library,Small saplings. Leaves fragrant when crushed. Infrequent.,James R. Burkhalter,1652,10.0,16.0,1973.0
12779952,not-logged-in-36e637ef07c1ccc25dec,https://panoptes-uploads.zooniverse.org/production/subject_location/d4c24975-217a-4250-8d23-4a652682eee5.jpeg,United States of America,Florida,Santa Rosa,Persea palustris (Raf.) Sarg.,"W of Avalon Beach. S of Int Hw 10, E of Escambia Bay (W of Avalon Blvd). NW FL Wat Mngt Dist Study. Avalon Tract.",Low moist site in old slash pine plantation. Plot 2. Seedlings rooted in pine needle duff. Voucher.,James R. Burkhalter,16186,1.0,10.0,1999.0
12781151,682539.0,https://panoptes-uploads.zooniverse.org/production/subject_location/4990f90c-984e-4cb8-b824-7a25040c2c04.jpeg,United States of America,Florida,Orange,Persea palustris,"Wedgefield Neighborhood, on northwest corner of Archer Ave. and Peabody St., Orlando",,Courtney Knickerbocker,913-24,11.0,1.0,2008.0
12781258,682539.0,https://panoptes-uploads.zooniverse.org/production/subject_location/fa672273-78e1-4fef-8029-5ac4307eb83f.jpeg,United States of America,Florida,Monroe,CASSYTHA FILIFORMIS L.,"Key Deer National Wildlife Refuge on Big Pine Key, Florida Keys",pine woods,J. Ferborgh & Jane Brockmann,316,8.0,24.0,1969.0
12781409,682539.0,https://panoptes-uploads.zooniverse.org/production/subject_location/430fff71-6838-49a8-aec3-49e2f3688d80.jpeg,United States of America,Florida,Volusia,Persia boronia var. humilis,east of Rt. 3 just north of the county line,Scattered in scrub vegetation with sparse overstay of slash pine,J.E. Poppleton,1034,8.0,5.0,1976.0
12789040,317125.0,https://panoptes-uploads.zooniverse.org/production/subject_location/9686c01d-2f25-4f27-92fd-e5c92f676d0e.jpeg,United States of America,Florida,Osceola,Persia borbonia,"Prairie Lakes State Park, W of Lake Marian, E. of Lake Kissimmee, SW of Rd. 523. ",Tree 6 feet tall growing in dry sandy soil.,"EM Wheeler, JH Wilson",234,6.0,24.0,1978.0
12789385,317125.0,https://panoptes-uploads.zooniverse.org/production/subject_location/fa672273-78e1-4fef-8029-5ac4307eb83f.jpeg,United States of America,Florida,Monroe,CASSYTHA FILLIFORMIE L.,Common in Key Deer National Wildlife Refuge on Big Pine Key,Pine woods,J. Fervor Pugh & Jane Brockmann,316,8.0,24.0,1969.0
12789584,317125.0,https://panoptes-uploads.zooniverse.org/production/subject_location/4990f90c-984e-4cb8-b824-7a25040c2c04.jpeg,United States of America,Florida,Orange,Persea Palestrina,"Wedgefield Neighborhood, on northwest corner of Archer Ave. and Peabody St., Orlando ",,Courtney Knickerbocker ,913-24,11.0,1.0,2008.0
12868749,not-logged-in-a507656fca532eb8487e,https://panoptes-uploads.zooniverse.org/production/subject_location/0e0e26db-423f-4f6b-8489-4a5ea18727d6.jpeg,United States of America,Florida,Santa Rosa,Persea borbonia (L.) Spreng,On archeological site 8SR8 on the north shore of Santa Rosa Sound near the Gulf Islands National Seashore visitor's center (built after this collection.,,Alice Harris,35,3.0,27.0,1984.0
12898719,1432306.0,https://panoptes-uploads.zooniverse.org/production/subject_location/82626355-b09c-4761-b935-a86e798cc239.jpeg,United States of America,Florida,Santa Rosa,Persea palustris,"Air Products Nature Reserve, Santa Rosa County",,M.I. Cousens,AP 063,5.0,5.0,1980.0
12898806,1432306.0,https://panoptes-uploads.zooniverse.org/production/subject_location/36d55561-35bd-40e0-96cc-2206e2b73c1a.jpeg,United States of America,Florida,Walton,Persea borbonia,"Walton Co., Miramar Beach. S of US Hw 98 along W side of first orad E of Murmuring Surf Cottages.","Edge of myrtle oak scrub near roadside. Soil white sand. Shrub 2 ft tall. With Lupinus westianus, Polygonella macrophylla, Polygala polygama, Croton argyranthemus",James R Burkhalter,9361,5.0,6.0,1984.0
12898894,1432306.0,https://panoptes-uploads.zooniverse.org/production/subject_location/0404b977-2130-4712-af63-18e7be1c60a2.jpeg,United States of America,Florida,Brevard,Lindera benzoin var. pubescens,Swap ca. 1/2 mi S of Indian River City,,Bob McCartney,,6.0,25.0,1988.0
12898935,1432306.0,https://panoptes-uploads.zooniverse.org/production/subject_location/104b7c92-d264-424f-9563-9cd2a8c682c8.jpeg,United States of America,Florida,Orange,Persea borbonia var humilis,"FTU campus, Orange Co.",Unburned P. clausa. Quadrat Cu2,R. Blake,,7.0,13.0,1972.0
12898975,1432306.0,https://panoptes-uploads.zooniverse.org/production/subject_location/ac3c014a-f7ed-4b05-a4bd-78a2c2e8578e.jpeg,United States of America,Florida,Highlands,Persea humilis,along Rt. 66 ca. 1/2 mi. W of Rt. 27. S of Sebring.,"Sand pine scrub - Quercus geminate, etc... Tree about 4 m. tall. Common.",Walter S. Judd with Bev Judd,3389,7.0,23.0,1983.0
12899048,1432306.0,https://panoptes-uploads.zooniverse.org/production/subject_location/84145435-fb10-40f9-97d4-f5417d87a46d.jpeg,United States of America,Florida,Okaloosa,Persea palustris,"Okaloosa Co. 4 1/2 mi W of Mary Esther, at Eglin Air Force Base. Along East Bay River. T 2 S, R 25 W, Sec 10, NW1/4 of SE1/4.","Brushy, swampy area. With Cliftonia monophylla, Cyrilla racemiflora, I. myrtifolia, I. coriacea, Myrica cerifera, Lyonia lucida, Aronia arbutifolia, Smilax laurifolia",Bruce & JoAnn Hansen,,9.0,9.0,1975.0
12899079,1432306.0,https://panoptes-uploads.zooniverse.org/production/subject_location/491827e7-975f-49e3-8efa-65295aeaaf52.jpeg,United States of America,Florida,Collier,Cassytha filiformis,Collier county. Ca. 1 mile s. of Naples.,Small disturbed white sand scrub with much Serenoa repens,"George R. Cooley, R. J. Eaton, Olga Lakela",9074,10.0,10.0,1962.0
12908236,not-logged-in-91f88f6c76dd7ebe2b7d,https://panoptes-uploads.zooniverse.org/production/subject_location/00a2d68d-bfab-495e-bd63-d7bd5b4f1358.jpeg,United States of America,Florida,Escambia,persea Americana,Pensacola,Protected area front of building ,James R Burkhalter ,20542,10.0,16.0,2005.0
12908345,not-logged-in-91f88f6c76dd7ebe2b7d,https://panoptes-uploads.zooniverse.org/production/subject_location/b12ed04f-6c58-47a8-bc7d-528ad87c5dcf.jpeg,United States of America,Florida,Sarasota,persea palustris,"crowley museum & nature center 16405 Myakka Road - cowpath lane 27-18'41""N; 82-15'24W",Disturbed moist forest with numerous exotics,"B holst, R rivero,  J britten, D cruz, D dixon",6137,8.0,19.0,1997.0
12967898,1495740.0,https://panoptes-uploads.zooniverse.org/production/subject_location/dbbad0f7-e0b3-47cf-8f02-30637c8cc07b.jpeg,United States of America,Florida,Orange,Persea borbonia,"Lake Weston: Kingswood Manor Park Florida, Orange County, Orlando, S.W. Quarter Section 34 R. 29E, T 21S",Growing near lakeshore,"L.C. Martz, Jr.",#20,5.0,17.0,1978.0
12967943,1495740.0,https://panoptes-uploads.zooniverse.org/production/subject_location/ad2b1e12-e6cb-480d-baa5-01986c9bfac7.jpeg,United States of America,Florida,Okaloosa,Cinnamomum camphora,"Fort Walton Beach. Along S edge of parking lot behind FWB Chamber of Commerce building (34 Miracle Strip Prkwy).
N30.403535 degrees, W86.611844 degrees","Neglected overgrown site. Several here, Sabal palmetto, Ilex vomitoria, Quercus hemisphaerica",James R. Burkhalter,15726,12.0,13.0,1997.0
12968012,1495740.0,https://panoptes-uploads.zooniverse.org/production/subject_location/ed525e33-3f50-466e-9e27-998568b04de1.jpeg,United States of America,Florida,Brevard,Cinnamomum camphora,"N. Merritt's Island T21S-R36E-26NW
Old homesite east of Palmer Crystal Creek Rd.",Naturalized. Parent tree extant. ,Allen G. Shuey,,12.0,14.0,1972.0
12968307,1495740.0,https://panoptes-uploads.zooniverse.org/production/subject_location/3be0f89d-890f-43e5-957f-dcb4ba3a7b3e.jpeg,United States of America,Florida,Osceola,Persea borbonia,Idora Park (Island) near Kissimmee,Hammock,Mary L. Singeltary,s.n.,3.0,26.0,1938.0
12968395,1495740.0,https://panoptes-uploads.zooniverse.org/production/subject_location/d1cca105-6f30-41cf-9573-55b470a382b3.jpeg,United States of America,Florida,Orange,Persea borbonia var. humilus,Florida Technological University campus. Quadrat I,Mature P. clausa,R. Blake,143,6.0,30.0,1972.0
12968444,1495740.0,https://panoptes-uploads.zooniverse.org/production/subject_location/a1e82453-ecf0-4940-a628-71307bf344c4.jpeg,United States of America,Florida,Escambia,Persea palustris,"Warrington, W of Warrington Village Shopping Plaza, behind Zayre store",Shrub 6 ft tall,James R. Burkhalter,751,2.0,4.0,1973.0
12968515,1495740.0,https://panoptes-uploads.zooniverse.org/production/subject_location/2ff87eda-a1ab-4aa7-bad0-1aa2a603ac5e.jpeg,United States of America,Florida,Escambia,Persea palustris,W of Warrington. N of Jones Ck ca 1 mi W of Warrington Village shopping plaza,"Grove of small red bay trees. With Magnolia virginiana, Cyrilla racemiflora, Pinus elliottii.",James R. Burkhalter,762,2.0,4.0,1973.0
12968618,1495740.0,https://panoptes-uploads.zooniverse.org/production/subject_location/87f8ab70-7862-4f27-9ff5-b849582d4d13.jpeg,United States of America,Florida,Orange,Persea palustris,"Wedgefield Neighborhood, on Southeastern corner of Willesdom St. and Coronet Ave, Orlando ",,Courtney Knickerbocker,2248-31,10.0,26.0,2008.0
12968671,1495740.0,https://panoptes-uploads.zooniverse.org/production/subject_location/b94c3104-6111-41d3-a862-0fb418904e27.jpeg,United States of America,Florida,Seminole,Persea palustris,"1/2 mile east of entrance to Yarbrough Ranch off of CR 13, between Geneva and Chuluota",,Courtney Knickerbocker,1854-24,10.0,21.0,2008.0
12968725,1495740.0,https://panoptes-uploads.zooniverse.org/production/subject_location/d265d3b0-d0f6-4a2a-95d6-8939e3d8aa0f.jpeg,United States of America,Florida,Hillsborough,Persea borbonia,2 mi E of Dale Mabry Rd at intersection of Ehrlich and Hutchinson Rds.,Ecotone of oak bay head k& grassy field. Tree to 4 m. Lvs green. Fruit purple.,Jim Watson,,10.0,11.0,1979.0
12969068,1495740.0,https://panoptes-uploads.zooniverse.org/production/subject_location/efcbb435-d3ef-4c83-93d5-c1d29c14bbe6.jpeg,United States of America,Florida,,Persea borbonia,Econ River,,Pohlad and Poppleton,35,10.0,24.0,1970.0
12969155,1495740.0,https://panoptes-uploads.zooniverse.org/production/subject_location/1428bd19-2513-47eb-a8b2-24ba37d45478.jpeg,United States of America,Florida,Leon,Litsea aestivalis,"Southern arm of Lake Cascade, W of Rte 363 (Capital Circle SW) and N of Tallahassee airport. T1S. R1W, Sw1/4 Sec 5. ",Several shrubs emergent with Taxodium acendens and Ilex myrtifolia from shallow waters. ,Loran C. Anderson,"20,230",5.0,23.0,2002.0
12969210,1495740.0,https://panoptes-uploads.zooniverse.org/production/subject_location/bd089aac-a50a-42c5-a3d9-a17ad0f6b8a6.jpeg,United States of America,Florida,Orange,Persea borbonia var humilis,Oakland. Boardwalk trail at Oakland Nature Preserve at 747 Machete Trail.,Fragrant leaves. Abundant.,"Gabrielle Cerep, Jackie Rolly",40,3.0,26.0,2014.0
12969270,1495740.0,https://panoptes-uploads.zooniverse.org/production/subject_location/34ce16df-fdf3-4d42-9036-16fbbf0a0181.jpeg,United States of America,Florida,Orange,Persea humilis,"DNR Consolidated Ranch Refuge site, S7 T20S R29E",Sand pine scrub,Sam Hopkins,1843,9.0,10.0,1983.0
12969335,1495740.0,https://panoptes-uploads.zooniverse.org/production/subject_location/e6fe7486-a191-4895-b4fe-94b9fa1ca3e8.jpeg,United States of America,Florida,Escambia,Persea borbonia,"Santa Rosa Island. D of Ft Pickens Rd, W of Dunes Motel (333 Ft. Pickens Rd).  N30.329455 degrees  W87.152437 degrees","Gnarled, stunted tree on leeward sloe of high dune. Soil white sand. With Magnolia grandiflora, Ilex vomitoria, Vitis rotundifolia, Rhus radicans, Erythrina herbacea, Lonicera sempervirens.",James R. Burkhalter,6402,6.0,2.0,1979.0
12969412,1495740.0,https://panoptes-uploads.zooniverse.org/production/subject_location/5837cee3-7949-4580-b207-5408d5b78ed0.jpeg,United States of America,Florida,Santa Rosa,Persea borbonia,"Gulf Breeze. N of Gulf Breeze Prkwy, W of Pfeiffer St (across from McDonald's Restaurant). N30.367400 degrees.  W87.171510 degrees.","Remnant of live oak scrub. Bushy sapling 4 ft tall. Leaves glaucous below; fragrant when crushed. Rare. With Quercus virginiana, Q. myrtifolia, Chrysobalanus oblongifolius.",James R. Burkhalter,7915,9.0,13.0,1981.0
12969450,1495740.0,https://panoptes-uploads.zooniverse.org/production/subject_location/4f9b6eab-0b8b-4de7-9ee2-472b732575d5.jpeg,United States of America,Florida,Santa Rosa,Persea palustris,"Milton, in Blackwater Heritage Trail Park.
N 30 degrees 38.125'
W 87 degrees 2.403' ",Slender planted tree (ca 14 ft tall),James R. Burkhalter,25213,2.0,7.0,2015.0
12969481,1495740.0,https://panoptes-uploads.zooniverse.org/production/subject_location/e9f8b4be-0495-4678-8b81-98dcefcd281e.jpeg,United States of America,Florida,Polk,Persea humilis,2.5 mi s of Frostproof,"sandy sand pine, common, small tree ca 3.5 m tall",Sidney McDaniel,9204,6.0,7.0,1967.0
12969524,1495740.0,https://panoptes-uploads.zooniverse.org/production/subject_location/eeb8322e-5ee2-427d-a116-d7e65ded5069.jpeg,United States of America,Florida,Jackson,Lindera benzoin,"Marianna State Park, Approx 200 yds. west of the administration building,",,Richard S. Mitchell,2966,6.0,5.0,1960.0
12969556,1495740.0,https://panoptes-uploads.zooniverse.org/production/subject_location/159e3417-e061-4d27-9d6b-cb3e2ada5c58.jpeg,United States of America,Florida,,Persea humilis,Consolidated Ranch scrub.,,Sam Hopkins,1844,9.0,10.0,1983.0
12969593,1495740.0,https://panoptes-uploads.zooniverse.org/production/subject_location/db2c5643-ae10-4788-9679-d24079b97823.jpeg,United States of America,Florida,Volusia,Persea palustris,"N side of 92, ca. 2.5 miles E of entrance to Tiger Bay State Forest. Edge of woods near ditch.","Flowers white, in full bloom.",Walter Kingsley Taylor,s.n.,5.0,11.0,2004.0
12969645,1495740.0,https://panoptes-uploads.zooniverse.org/production/subject_location/7286a360-2127-4409-969f-231ecad21a70.jpeg,United States of America,Florida,Seminole,Cinnamomum camphora,"1766 Willa Circle, Winter Park","Tree with closely branched, dense, symmetrical head. Leaves alternate, having camphor scent when crushed. Branches, petioles, and leaves have similar color.",Mary Ann Camet,1,3.0,20.0,1997.0
12969687,1495740.0,https://panoptes-uploads.zooniverse.org/production/subject_location/88ce10b8-06e6-4d9c-b386-982a20ac13db.jpeg,United States of America,Florida,Escambia,Persea borbonia,Near Pensacola. Main campus of Univ of W Fla. Along S side of crosscountry trail ca 0.4 mi W of road to Child Care Center. ,"Small tree ca 13 ft tall at edge of mesic woods. With Ilex ambigua, Magnolia grandiflora, Hamamelis virginiana.",James R. Burkhalter,21819,5.0,24.0,2008.0
12969746,1495740.0,https://panoptes-uploads.zooniverse.org/production/subject_location/74e1f5dc-6b3d-4b35-9faa-493d023365e6.jpeg,United States of America,Florida,Escambia,Sassafras albidum,Near Pensacola. On campus of Univ. of W. Fla. N of Pace Library.,Small saplings. Leaves fragrant when crushed. Infrequent.,James R. Burkhalter,1652,10.0,16.0,1973.0
12969795,1495740.0,https://panoptes-uploads.zooniverse.org/production/subject_location/11c9dacc-1089-4a3d-a550-38ebf66d5671.jpeg,United States of America,Florida,Brevard,Persea humilis,"Sect. 3 T29S, R38E, 5 miles south Melbourne Beach",Sand ridge,Kathy Shannon,809,5.0,17.0,1974.0
12969891,1495740.0,https://panoptes-uploads.zooniverse.org/production/subject_location/50398bdf-22bf-4d02-aa2a-b72b8f0427f4.jpeg,United States of America,Florida,Taylor,Cassytha filiformis,"Spring Warrior Mounds Archaeological Site (TA154), ca. 12 air mi SSW of Perry.  Lat. 29.92001 N,  Long. 83.64349 W.","Locally common, growing mostly on Quercus chapmanii and Q. hemisphaerica in shaded oak-hickory-magnolia coastal hammock near Mound E.  Stems orangish-tan to light yellowish green; fruits greenish.",Loran C. Anderson,"25,103",8.0,18.0,2010.0
12969994,1495740.0,https://panoptes-uploads.zooniverse.org/production/subject_location/6e3b1fbc-80a0-4479-a4a5-7579fc79a9e1.jpeg,United States of America,Florida,Escambia,Persea palustris,Near Pensacola. On campus of Univ of W Fla. NW of bldg 58. Near picnic area at end of old fishcamp road. By dock at edge of Thompson's Bayou.  N 30.559337 degrees.  W 87.219624 degrees.,Sapling 4 ft tall.,James R. Burkhalter,5950,6.0,17.0,1978.0
12970045,1495740.0,https://panoptes-uploads.zooniverse.org/production/subject_location/85473f86-1399-4cb4-bc70-78c1fcf6b31c.jpeg,United States of America,Florida,Orange,Persea borbonia,"Orlando. University of Central Florida campus, north of the biology building on the west bank of a pond.",,Barbara Bradshaw,57,4.0,26.0,1977.0
12970203,1495740.0,https://panoptes-uploads.zooniverse.org/production/subject_location/003093c0-0a96-4157-ac9e-985b7254219d.jpeg,United States of America,Florida,Washington,Cinnamomum camphora,"Chipley. Neglected fencerow area by Tom Thumb store at the NW corner of Main St. (Hw 77) and South Blvd (Hw 273).
N30.771882 degrees   W85.537909 degrees",Copse of slender trees to 20 ft. Escaped and persisting; naturalized.,James R. Burkhalter,18251,3.0,3.0,2002.0
12970330,1495740.0,https://panoptes-uploads.zooniverse.org/production/subject_location/fb5ae934-cc25-4c27-8c87-b392fcea3343.jpeg,United States of America,Florida,Orange,Persea palustris,"Tosohatchee State Reserve. Collected from study areas S of S.R. 50, N of Beeline Expressway and up to 4 km due E of St. Nicholas Road.",,David Lee Hanon,1090,1.0,31.0,1987.0
12970455,1495740.0,https://panoptes-uploads.zooniverse.org/production/subject_location/c8aa80bc-8e5d-47dd-a494-2b6f4b9f0db2.jpeg,United States of America,Florida,Escambia,Persea borbonia,"Near Pensacola. On campus of Univ of W Fla. Steep slope E of University Dr across from north end of Parking Lot 34. Near path of old defunct abandoned Hammock Nature Trail.
N 30.550845 degrees   W 87.213333 degrees","Bluff above floodplain. Mesic woods. Small slender tree ca 15 ft tall. Partial shade. With Fagus grandifolia, Illicium floridanum.",James R. Burkhalter,16034,9.0,20.0,1998.0
12970614,1495740.0,https://panoptes-uploads.zooniverse.org/production/subject_location/92846dc3-14dc-4931-a98e-491e1e9f3a32.jpeg,United States of America,Florida,Pinellas,Cassytha filiformis,"Boca Ciega Bay, n. end of Long Key, town of St. Petersburg Beach,  T 31 S, R 15 E","Infrequent, forming tangled mass on grasses and forbs; between dunes of mixed sand and shell.",D. B. & S. S. Ward,2334,11.0,13.0,1960.0
12970716,1495740.0,https://panoptes-uploads.zooniverse.org/production/subject_location/58c32542-9bef-4b6f-8c33-f18287959577.jpeg,United States of America,Florida,Hardee,Persea palustris,"Payne Creek State Historic Site, 2 mi. S.E. of Bowling Green, Rd. 664A.",Tree; Flowers greenish; Blooming spring; on road grade; Rare.,J.H. Willson,114,4.0,15.0,1978.0
12970815,1495740.0,https://panoptes-uploads.zooniverse.org/production/subject_location/bb46013e-71dc-45cc-aa16-dcabb62d3fbe.jpeg,United States of America,Florida,Santa Rosa,Persea palustris,SE of Milton. Near S end of Weaver creek ravine.,"Small tree along W bank of creek. With Illlicium floridanum, Ilex coracea, Leucothoe axillaris.",James R. Burkhalter,17007,2.0,21.0,2000.0
12970933,1495740.0,https://panoptes-uploads.zooniverse.org/production/subject_location/1cbc867b-434f-4773-ae75-b4fc529788d3.jpeg,United States of America,Florida,Brevard,Cassytha filiformis,Cape Canaveral T22S-R38E-26. Along canal leading to Banana River north of the Indian Mound cemetery on the SW Cape.,Parasitizing vegetation.,J.E. Poppleton & A.G. Shuey,M1611,1.0,18.0,1975.0
12971018,1495740.0,https://panoptes-uploads.zooniverse.org/production/subject_location/d4c24975-217a-4250-8d23-4a652682eee5.jpeg,United States of America,Florida,Santa Rosa,Persea palustris,"W of Avalon Beach. S on Int Hw 10, E of Escambia Bay (W of Avalon Blvd).  NW Fl Wat Mngt Dist Study. Avalon Tract. Plot 2.",Low moist site in old slash pine plantation. Seedling rooted in pine needle duff.  Voucher.,James R. Burkhalter,16186,1.0,10.0,1999.0
12971341,1495740.0,https://panoptes-uploads.zooniverse.org/production/subject_location/be2e4ba4-3e6d-4b10-9805-e39c6b18299f.jpeg,United States of America,Florida,Jackson,Lindera benzoin,"Chattahoochee River just S of rte 2 at Neals Landing (ESE of campground area). T7N, R8W, E1/4 of SW1/4 of SW1/4 Sec 26.",Fruits bright scarlet; frequent in loamy sand alluvium of wooded floodplain.,Loran C. Anderson,"13,969",9.0,10.0,1992.0
12971429,1495740.0,https://panoptes-uploads.zooniverse.org/production/subject_location/b58c687f-c585-49e6-bccd-b3f79ab91808.jpeg,United States of America,Florida,Escambia,Persea palustris,"W end of Santa Rosa Island, at Gulf Islands National Seashore. N of Ft. Pickens Rd, W of Battery Langdon, near Camping Area A (Loop A).","With Ilex glabra, Lyonia lucida.",James R. Burkhalter,2611,7.0,16.0,1975.0
12971565,1495740.0,https://panoptes-uploads.zooniverse.org/production/subject_location/349a48ea-78eb-497b-93c2-f46c75f2467c.jpeg,United States of America,Florida,Sarasota,Persea borbonia,"3210 Old Oak Drive, Sarasota",1  m elevation. Tree to 5 m tall. Fruits green.,C.H. Dodson,4615,6.0,18.0,1978.0
12971664,1495740.0,https://panoptes-uploads.zooniverse.org/production/subject_location/a9087c7f-6628-4dea-a145-29d9d7f14945.jpeg,United States of America,Florida,Orange,Persea humilis,Orlovista,,H. Kurz,271,12.0,31.0,1941.0
12985256,1495740.0,https://panoptes-uploads.zooniverse.org/production/subject_location/7803e236-5efd-483f-baad-7e0098258890.jpeg,United States of America,Florida,Highlands,Persea humilis,4 miles W of Babson Park,Small tree; scrub oak-wiregrass sand ridge.,R.K. Godfrey,70799,8.0,22.0,1971.0
12985297,1495740.0,https://panoptes-uploads.zooniverse.org/production/subject_location/4990f90c-984e-4cb8-b824-7a25040c2c04.jpeg,United States of America,Florida,Orange,Persea palustris,"Wedgefield Neighborhood, on northwest corner of Archer Ave. and Peabody St., Orlando",,Courtney Knickerbocker,913-24,11.0,1.0,2008.0
12985348,1495740.0,https://panoptes-uploads.zooniverse.org/production/subject_location/31d5d1b1-bc46-4093-9c35-f3614ff0406a.jpeg,United States of America,Florida,Martin,Cassytha filiformis,Hobe Sound,Sand pine scrub land,Robert J. Lemaire,417,4.0,13.0,1956.0
12985397,1495740.0,https://panoptes-uploads.zooniverse.org/production/subject_location/872f37fc-45a9-44f1-a828-cdacce731621.jpeg,United States of America,Florida,Orange,Persea americana,Orlando. Collected along north shore of big Lake Conway,Sandy soil,Barbara P. Davis,74,5.0,20.0,1976.0
12985438,1495740.0,https://panoptes-uploads.zooniverse.org/production/subject_location/3a9ca0b5-4bde-43ee-9ee4-cc53d6926b3b.jpeg,United States of America,Florida,Santa Rosa,Persea palustris,SE of Milton. S end of Weaver Creek ravine along W bank of creek.,"Sapling in understory of woods. Partial shade. With Illlicium floridanum, Ilex coriacea, I. cassine.",James R. Burkhalter,17011,2.0,21.0,2000.0
12985456,1495740.0,https://panoptes-uploads.zooniverse.org/production/subject_location/ae377e31-963b-42a1-a12d-700bea1ec1a0.jpeg,United States of America,Florida,Escambia,Sassafras albidum,Near Pensacola. On campus of Univ. of W. Fla. N of Pace Library,Small saplings. Leaves fragrant when crushed. Infrequent.,James R. Burkhalter,1651,10.0,16.0,1973.0
12985480,1495740.0,https://panoptes-uploads.zooniverse.org/production/subject_location/f85d8d9a-871d-4e18-9948-4de242dc77a4.jpeg,United States of America,Florida,Orange,Persea palustris,1/4 mile northwest of International Corporate Park Blvd. and 528 (Beachline Expressway) interchange,,Courtney Knickerbocker,565-20,5.0,8.0,2008.0
12985499,1495740.0,https://panoptes-uploads.zooniverse.org/production/subject_location/624e23de-fa64-49bb-bced-3d5bcf77bf4a.jpeg,United States of America,Florida,Pinellas,Persea americana,St. Petersburg.,Small tree. Cultivated,William D. Reese,930,3.0,26.0,1956.0
12985532,1495740.0,https://panoptes-uploads.zooniverse.org/production/subject_location/491827e7-975f-49e3-8efa-65295aeaaf52.jpeg,United States of America,Florida,Collier,Cassytha filiformis,Ca. 1 mile s. of Naples.,Small disturbed white sand scrub with much Serenoa repens. Locally abundant.,"George R. Cooley
R. J. Eaton
Olga Lakela",9074,10.0,10.0,1962.0
12985552,1495740.0,https://panoptes-uploads.zooniverse.org/production/subject_location/beb06f6c-4883-4899-b5ba-f9d853ab473e.jpeg,United States of America,Florida,Orange,Cinnamomum camphora,"5 miles east 441, Apopka",Scrub community,Holly M. Uren,23,4.0,16.0,2002.0
12985598,1495740.0,https://panoptes-uploads.zooniverse.org/production/subject_location/48e30018-695a-4c54-8f13-81dd946adb06.jpeg,United States of America,Florida,Calhoun,Lindera benzoin,"ca 3.5 mi ENE of Blountstown, S26, T1N, R8W on natural levee of Apalachicola River",Shrub or small tree (!) to 5 m tall in oak-sweetgum-elm forest,Sidney McDaniel,8734,4.0,8.0,1967.0
12985622,1495740.0,https://panoptes-uploads.zooniverse.org/production/subject_location/22ba26bc-6ed2-429d-b48c-b566c4da6efb.jpeg,United States of America,Florida,,Persea,Old winter Garden Road.,,Sam Hopkins,1018,8.0,28.0,1980.0
12985667,1495740.0,https://panoptes-uploads.zooniverse.org/production/subject_location/e0c5b861-4222-4e5f-8ca5-f4dce376c2f4.jpeg,United States of America,Florida,Lake,Sassafras albidum,"Camp Lanoche, Paisley
S5 T18S R28E",,Dick Deuerling,1752,6.0,19.0,1983.0
12985754,1495740.0,https://panoptes-uploads.zooniverse.org/production/subject_location/01066b52-7edc-454b-b5ca-83487f914665.jpeg,United States of America,Florida,Walton,Cinnamomum camphora,"W of Miramar Beach. Ca 1/2 mi E of Okaloosa Co line. N of US Hw 98 along drainage ditch to Choctawatchee Bay, a 70 ft inland from water's edge.
N 30.394399 degrees
W 86.388685 degrees",Disturbed area in dry pinewoods. Soil sandy. Several short saplings here.,James R. Burkhalter,10520,12.0,5.0,1986.0
12985804,1495740.0,https://panoptes-uploads.zooniverse.org/production/subject_location/aa6e7583-613f-4264-aa49-ca7977fa229d.jpeg,United States of America,Florida,Clay,Litsea aestivalis,"0.6 mile E of jct. of Fla. Rt. 21 and Rt. 16, by Rt 16, N side of road E of Penny Farms.","(Pistillate) Shrubs or arborescent, to ca 4 m tall. In ""Sphagnant"" water to ca 4 dm deep, pond cypress swamp.",R.K. Godfrey,79386,3.0,13.0,1982.0
12985899,1495740.0,https://panoptes-uploads.zooniverse.org/production/subject_location/bc4524d9-1889-432a-88c4-b089d10b6795.jpeg,United States of America,Florida,Sarasota,Cassytha filiformis,"Longboat Key, along Gulf of Mexico Drive ca. 0.1 mi. NW of entrance to golf course. T36S, R17E, S21NW.",Remnant of coastal scrub hammock. Parasitic and climbing over shrubs.,"R. P. Wunderlin, C. H. Dodson, & M. Madison",8922,4.0,2.0,1981.0
12986096,1495740.0,https://panoptes-uploads.zooniverse.org/production/subject_location/c952b366-247d-4f60-95d3-80e65e4d50f4.jpeg,United States of America,Florida,Levy,Persea humilis,"29 degrees 30'6.8""N  82 degrees 24'4.8""W [NAD 83]
0.9 mile SW of Alachua County line on FL 24 (Archer Road), ca 5 miles NE of Bronson; 1/4-1/2 mile N of road (at big tower).","Regenerating scrubby sandhill (sprayed with aerial herbicide a few years ago, killing most trees), lots of open sand.
Associates: Eriogonum, Carya floridana, Ceratiola, Quercus laevis, Aristida, Tephrosia, Lechea spp. Pityopsis, Bulbostylis, Licania, Pinus palustris (young, planted in spots), Cnidoscolus, Rubus, Asimina obovata. Shrubby tree to ca 4 m tall; leaves with rusty-brown silky hairs; flowers dull yellowish.",J. Richard Abbott,14794,5.0,8.0,2002.0
12986174,1495740.0,https://panoptes-uploads.zooniverse.org/production/subject_location/5e7225cf-d094-4a7e-b0b4-bdf25c77211d.jpeg,United States of America,Florida,Orange,Persea palustris,Approx. 1/4 mile east of Florida Technological University (F.T.U.) Biology building.,Pine woods. Sandy soil,K.S. Calhoun,28,10.0,4.0,1973.0
12986230,1495740.0,https://panoptes-uploads.zooniverse.org/production/subject_location/0f3044ca-39a7-4227-bcfd-33f545751f04.jpeg,United States of America,Florida,Orange,Persea borbonia,"Christmas. Orlando Wetlands Park Project. 25155 Wheeler Rd. east of N. Fort Christmas Rd.
N28 degrees 59'50"", W-80 degrees 59'50""",,David Hanf,1032,8.0,6.0,1991.0
12986264,1495740.0,https://panoptes-uploads.zooniverse.org/production/subject_location/3422f407-94cd-475c-82ae-3b9f72ea544d.jpeg,United States of America,Florida,,Sassafras albidum,"I 4 eastside, north of 432.",,Sam Hopkins,3197,6.0,30.0,1984.0
12986288,1495740.0,https://panoptes-uploads.zooniverse.org/production/subject_location/51a7374a-2da4-4b76-9fc3-f6835f725d70.jpeg,United States of America,Florida,Highlands,Persea humilis,Near Bair's Den,"Shrub, to ca 3 m. high; scrub barrens.",R. K. Godfrey & R. Kral,53793,8.0,3.0,1955.0
12986305,1495740.0,https://panoptes-uploads.zooniverse.org/production/subject_location/a10b6b0f-d02d-4083-aaf8-d258723f2337.jpeg,United States of America,Florida,Orange,Persea palustris,"Orlando, Wedgefield Neighborhood, on Bancroft Blvd. 0.08 miles north of Oberly Pkwy.",,Courtney Knickerbocker,986-7,10.0,26.0,2008.0
12986351,1495740.0,https://panoptes-uploads.zooniverse.org/production/subject_location/567d5628-1ab7-427d-9569-b1bfa2d23758.jpeg,United States of America,Florida,Orange,Cinnamomum camphora,"Orlando. SE of 12424 Research parkway at coordinates: 28.584689, -81.194452.",Wooded area,Scott M. Livingston,15-11,2.0,25.0,2015.0
12986391,1495740.0,https://panoptes-uploads.zooniverse.org/production/subject_location/61745740-99a6-4557-ab8d-56f1beb2ce61.jpeg,United States of America,Florida,Liberty,Lindera benzoin,"Base of bluff along the Apalachicola River, Torreya State Park.",Small understory tree in hardwood forest,R. K. Godfrey,71490,7.0,4.0,1972.0
12986455,1495740.0,https://panoptes-uploads.zooniverse.org/production/subject_location/eda16910-e013-435e-85da-32937c9fd99a.jpeg,United States of America,Florida,Escambia,Persea americana,Pensacola. In front of Club Garden Liquors Store at 1004 W. Cervantes.,Ornamental shrub 12 ft tall.,James R. Burkhalter,776,2.0,6.0,1973.0
12986936,1495740.0,https://panoptes-uploads.zooniverse.org/production/subject_location/1bae281e-e4e4-45d5-9cfa-9e33f5e2cd76.jpeg,United States of America,Florida,,Ocotea coriacea,Turner River,,J. H. Simpson,1918,5.0,1.0,1892.0
12997309,1495740.0,https://panoptes-uploads.zooniverse.org/production/subject_location/2e2568a4-5c0a-4eb3-b5ef-851a8c0e6659.jpeg,United States of America,Florida,Escambia,Cinnamomum camphora,"Near Pensacola. Vacant lot at 8271 Whitmire Dr.
N 30.514256 degrees
W 87.226492 degrees",Tree 35 ft tall near streetside.,James R. Burkhalter,17253,6.0,14.0,2000.0
12997340,1495740.0,https://panoptes-uploads.zooniverse.org/production/subject_location/78d2e30e-a674-4286-940c-780049d26108.jpeg,United States of America,Florida,Jackson,Lindera benzoin,"Marianna State Park, apprx. 300 yds. west of parking area.",Occasional small tree,Richard S. Mitchell,2,2.0,27.0,1960.0
12997361,1495740.0,https://panoptes-uploads.zooniverse.org/production/subject_location/1e78cebc-9d4c-4cba-868c-9052cedf143d.jpeg,United States of America,Florida,Orange,Persea borbonia var humilis,Florida Technological University campus,"Unburned Pinus clausa 
Quadrat I",J. Poppleton,188,6.0,19.0,1972.0
12997465,1495740.0,https://panoptes-uploads.zooniverse.org/production/subject_location/fbe4fb14-cf94-462f-9f8c-15cdf5a642a5.jpeg,United States of America,Florida,Walton,Persea palustris,Near Mossy Head. N bank of Shoal River.,Low moist area. Soil sandy. Sapling 6 ft tall. Abundant here.,James R. Burkhalter,3267,11.0,16.0,1975.0
13002176,1495740.0,https://panoptes-uploads.zooniverse.org/production/subject_location/a3ba8fc1-7d39-40ce-babc-45a7113a6bcc.jpeg,United States of America,Florida,Marion,Persea humilis,"ca 1/4 mile S of Juniper Spring Run, by Fla. Rt. 19, S of Salt Spring.","Small tree in sand pine scrub. Fruits 10-12 mm in diameter, broadly elliptical to globose.",R.K. Godfrey,79201,10.0,7.0,1981.0
13002198,1495740.0,https://panoptes-uploads.zooniverse.org/production/subject_location/653418e5-9b82-447e-9af8-ba0e465b91b3.jpeg,United States of America,Florida,Monroe,Ocotea coriacea,Upper Key Largo,"Small tree, hammock.",R.K. Godfrey,73220,11.0,21.0,1973.0
13002222,1495740.0,https://panoptes-uploads.zooniverse.org/production/subject_location/ccff3185-73a3-47d2-be57-3c5a014b626b.jpeg,United States of America,Florida,Escambia,Cinnamomum camphora,Pensacola. Private estate at 1305 Nineteenth Ave.,"Seedling in neglected area. With Sabal palmetto, Prunus caroliana.",James R. Burkhalter,15235,11.0,16.0,1996.0
13002284,1495740.0,https://panoptes-uploads.zooniverse.org/production/subject_location/63c6d847-ac47-42d4-a72e-3ae7c1889779.jpeg,United States of America,Florida,Escambia,Persea borbonia,Near Pensacola. On campus of Univ of W Fla. Along cross-country trail ca 0.5 mi W of road to Child Care Center.,Sandy ridge along edge of upland mixed woods. Sapling 2 ft tall. A few here. With Magnolia grandiflora.,James R. Burkhalter,13302,6.0,14.0,1992.0
13002694,1495740.0,https://panoptes-uploads.zooniverse.org/production/subject_location/ac3c014a-f7ed-4b05-a4bd-78a2c2e8578e.jpeg,United States of America,Florida,Highlands,Persea humilis,Along Rt. 66 ca. 1/2 mi. W of Rt. 27 S of Sebring.,"Sand pine scrub - Quercus geminata, etc. . . Tree about 4 m. tall. Common.",Walter S. Judd with Bev Judd,3389,7.0,23.0,1983.0
13002783,1495740.0,https://panoptes-uploads.zooniverse.org/production/subject_location/613b9f60-d5f4-4317-a357-d6e3306aee03.jpeg,United States of America,Florida,Escambia,Cinnamomum camphora,"Pensacola. Along N side of vacant lot at 104 Airport Blvd.
N 30.477282 degrees, W 87.244339 degrees.",Tree ca 25 ft tall at edge of woods. Spontaneous. With Quercus nigra.,James R. Burkhalter,25280,4.0,12.0,2015.0
13002841,1495740.0,https://panoptes-uploads.zooniverse.org/production/subject_location/28a66c60-8149-4fc3-abd2-6620f8d24b8f.jpeg,United States of America,Florida,Osceola,Persea palustris,"Prairie Lakes State Park. W of Lake Marian, E of Lake Kissimmee, SW of Rd. 523.",,"E.M. Wheeler, J.H. Willson",45,3.0,8.0,1978.0
13002973,1495740.0,https://panoptes-uploads.zooniverse.org/production/subject_location/1e3e4371-ea7c-42b8-8e5e-6ba4371b93b4.jpeg,United States of America,Florida,Sarasota,Persea palustris,"Deer Prairie Creek Preserve, eastern Venice; immediately S of Interstate 75 and to the W of the Myakka River. 1-3 m elevation.
27 degrees 05'15""N; 82 degrees 18'28""W","Shrub, 3 m, white flower. Hydric Hammock, occasional.",Laurie Birch & Bruce K. Holst,29,4.0,29.0,2008.0
13003205,1495740.0,https://panoptes-uploads.zooniverse.org/production/subject_location/e9244d0a-4fd0-4f9a-ba96-f2dc2c2cc5d7.jpeg,United States of America,Florida,Clay,Litsea aestivalis,"29 degrees 58.6' N  81 degrees 51.4'W
Northern edge of Camp Blanding Wildlife Management Area; 0.7 mile east of S.R. 21 on S.R. 16, then ca 0.1 mile south of road.","Clearcut depression (cypress dome) in young pine plantation (was flatwoods), with resprouting Magnolia virginiana, Taxodium ascendens, Ilex myrtifolia, Vaccinium corymbosum, Lyonia lucida, Woodwardia virginica. Currently ca 1.3 m tall (cut stumps show that plants were much bigger); crushed leaves with spicy smell; fruits immature, green; perhaps 50 individuals seen.","J. Richard Abbott
With Barbara S. Carlsward, Randy L. Mears",13622,6.0,16.0,2000.0
13003307,1495740.0,https://panoptes-uploads.zooniverse.org/production/subject_location/dcf6e75e-928d-472d-855d-6b9c3061a8f4.jpeg,United States of America,Florida,Miami-Dade,Ocotea coriacea,Castellow Hammock N.W. of Homestead,Hardwood hammock,Nina K Simmons,35,6.0,17.0,1963.0
13003473,1495740.0,https://panoptes-uploads.zooniverse.org/production/subject_location/dc839ff5-cbc1-40cc-a728-db3f2bd4b7b0.jpeg,United States of America,Florida,Seminole,Sassafras albidum,Interstate 4 north of 434 (eastside).,,Sam Hopkins,3270,10.0,12.0,1984.0
13003531,1495740.0,https://panoptes-uploads.zooniverse.org/production/subject_location/80be49be-5154-4850-8937-0db0a8ad9386.jpeg,United States of America,Florida,Orange,Persea borbonia,Orlando. Collected on University of Central Florida campus 200 m NE of the biology building.,In a  wet cypress hardwood hammock. Tree to 10 m tall.,D.R. Williams,s.n.,6.0,7.0,1978.0
13003885,1495740.0,https://panoptes-uploads.zooniverse.org/production/subject_location/cf759b94-6acd-4f29-a0cf-5fc0c4416958.jpeg,United States of America,Florida,Brevard,Persea borbonia var borbonia,"N Merritt's Island.
Township, Range & Section #: T20S-R36E-33 Sw
West of Lab. West shoulder of Rt 3.",Xeric Hammock,Shuey,M0509,4.0,26.0,1973.0
13003999,1495740.0,https://panoptes-uploads.zooniverse.org/production/subject_location/74bb736b-d225-4b43-82b7-dbda9dd73f7d.jpeg,United States of America,Florida,Jackson,Lindera benzoin,Caverns State Park. Bluff above the Chipola River.,Small understory tree. Rich woodland over limerock.,R.K. Godfrey,79097,8.0,17.0,1981.0
13005011,1495740.0,https://panoptes-uploads.zooniverse.org/production/subject_location/fbe4fb14-cf94-462f-9f8c-15cdf5a642a5.jpeg,United States of America,Florida,Walton,Persea palustris,Near Mossy Head. N bank of Shoal River.,Low moist area. Soil sandy. Sapling 6 ft tall. Abundant here.,James R. Burkhalter,3267,11.0,16.0,1975.0
13005032,1495740.0,https://panoptes-uploads.zooniverse.org/production/subject_location/66a86b85-8aa5-48f9-bf67-cd3eb38e3978.jpeg,United States of America,Florida,Escambia,Persea palustris,"Near Pensacola. Just S of store at SE corner of Pine Forest Rd and Tralawn Dr. 
N 30.500332 degrees
W 87.305363 degrees","Dry pinewoods remnant. Soil sandy. Tree ca 20 ft tall. With Pinus palustris.
From same tree as Burkhalter 6938.",James R. Burkhalter,21036,9.0,4.0,2006.0
13005083,1495740.0,https://panoptes-uploads.zooniverse.org/production/subject_location/3d00c19c-c02c-44d1-a465-6c03122ce9f0.jpeg,United States of America,Florida,Seminole,Persea palustris,"Along banks of Wekiva River (S 4, 9, T 20S R 29E, S 28, 33, T 20S R 29E)","Similar to Persea borbonia (red bay) in mesic to xeric woods; note rusty hairs under leaves and gall-induced deformity. 
Va to s. Fl.; 1 sp. in Fl. wetlands.",Sydney T. Bacchus with Deborah R. Shelley,005541,6.0,30.0,1990.0
13005128,1495740.0,https://panoptes-uploads.zooniverse.org/production/subject_location/2f5801aa-87f2-444a-a8c0-9d234afd3448.jpeg,United States of America,Florida,Orange,Persea borbonia var. humilis,"Florida Technological University (FTU) campus, Orlando",Unburned Pinus clausa Quadrat Cu2,R. Blake,276,7.0,13.0,1972.0
13005196,1495740.0,https://panoptes-uploads.zooniverse.org/production/subject_location/2f62d90e-039c-4ecc-857a-b4893020144c.jpeg,United States of America,Florida,Orange,Persea borbonia,Collected on the Florida Technological University (FTU) campus near the Lake Claire Area in Orlando.,,R. Dubay,48,10.0,2.0,1972.0
13005277,1495740.0,https://panoptes-uploads.zooniverse.org/production/subject_location/b7bd8d45-540b-44aa-90d1-edaa793f4797.jpeg,United States of America,Florida,Brevard,Ocotea coriacea,South end of Merritt's Island,,C. L. Shear,n.s.,2.0,20.0,1946.0
13011781,438361.0,https://panoptes-uploads.zooniverse.org/production/subject_location/bdc3423e-a55d-423f-9dfb-e40ebe83b483.jpeg,United States of America,Florida,Levy,Persea palustris,"Wccassassa Bay State Preserve; T 16S R 16E S19 & S30 (ca 29å¡ 04.2'N 82å¡ 43.2' W); ex-Northcut property, north of junction with C-40 on C-40A","Mosaic of swamp and coastal hydric hammock. Shrub to 5m tall; frequent. Associates: Sabal palmetto, Juniperus virginiana, Quercus spp., Ilex vomitoria, Acrostichum danaefolium, Chasmanthium spp. ","J. Richard Abbott, Barbara Carlsward",9110,6.0,23.0,1996.0
13011889,438361.0,https://panoptes-uploads.zooniverse.org/production/subject_location/bc4524d9-1889-432a-88c4-b089d10b6795.jpeg,United States of America,Florida,Sarasota,Cassytha filiformis,"Longboat Key... along Gulf of Mexico Drive ca. 0.1 mi. NW of entrance to golf course. T36S, R17E, S21NW. ",Remnant of coastal scrub hammock... Parasitic and climbing over shrubs.,"R. P. Wunderlin, C. H. Dodson, & M. Madison",8922,4.0,2.0,1981.0
13089827,1220914.0,https://panoptes-uploads.zooniverse.org/production/subject_location/f022cecb-3d77-485f-9eb6-873975c4c3e3.jpeg,United States of America,Florida,Brevard,Cinnamomum camphora,"N. Merritt's Isl. T21S-R36E-19 NW. On dike of T-10-G Impoundment, access of which begins 1.4 mi N of jnc of 401 & 406 on the W side of 406.","Ruderal, Dike",Shuey,MM0280,10.0,16.0,1973.0
